amount,account_id,type,bank_id
12205,2378,credit,3
2446,576,withdraw,2
5584,704,credit,3
4916,3818,withdraw,2
2039,1972,credit,2
3894,2632,withdraw,1
7836,1539,withdraw,3
3786,2484,withdraw,3
13695,1695,withdraw,2
975,793,withdraw,1
3706,1726,withdraw,3
9005,485,withdraw,1
2067,2177,credit,3
2532,2357,credit,1
3300,2881,credit,3
1556,9635,credit,3
5547,652,credit,1
1375,1844,credit,2
1821,1926,credit,3
14175,3510,credit,3
2175,1276,withdraw,1
4089,2393,withdraw,3
2073,435,credit,3
2340,192,withdraw,3
11849,2122,withdraw,3
1885,1637,withdraw,3
10198,2087,credit,2
2451,764,withdraw,3
2444,3592,withdraw,2
1371,3871,withdraw,3
5282,3487,credit,2
1740,1493,withdraw,2
9482,374,withdraw,1
2438,1730,withdraw,1
1722,2379,withdraw,1
2770,2925,withdraw,1
1831,1628,withdraw,3
3150,866,withdraw,3
7914,1338,withdraw,2
1179,1979,withdraw,1
7307,346,withdraw,1
925,1909,withdraw,2
12365,2099,credit,3
14304,3760,credit,3
15126,5270,credit,2
2744,2926,withdraw,2
1797,1699,withdraw,3
6716,3909,withdraw,2
1925,1731,credit,2
2655,11265,withdraw,3
2016,2519,credit,2
1244,1481,credit,3
4808,10364,credit,3
2815,4034,withdraw,1
4468,401,withdraw,3
1179,2330,credit,3
2033,1806,credit,2
3334,3834,withdraw,1
2441,1222,withdraw,2
17982,212,withdraw,1
5476,1019,withdraw,2
1704,459,credit,2
19597,456,credit,1
6562,772,credit,2
5117,11295,withdraw,1
9805,1536,credit,2
4282,2676,withdraw,3
4969,2970,withdraw,2
1783,1179,credit,3
3558,2425,withdraw,1
3936,280,withdraw,1
8951,4055,withdraw,1
2330,3704,withdraw,1
7385,9307,withdraw,1
10256,5065,withdraw,1
10796,5891,withdraw,3
4616,477,withdraw,1
7898,1000,withdraw,2
7972,1750,withdraw,2
5849,2023,withdraw,2
4212,1649,withdraw,1
11342,6473,withdraw,2
2144,163,credit,3
8657,2670,withdraw,3
1793,2566,credit,1
8689,1127,credit,1
1929,9,credit,3
1333,1144,withdraw,3
935,443,withdraw,1
8104,4296,withdraw,3
6472,2902,withdraw,1
6204,3693,credit,1
4766,2070,withdraw,2
11154,4078,withdraw,1
5849,1843,withdraw,1
2813,2714,credit,2
1747,1675,credit,2
11737,5868,credit,1
5709,2574,credit,3
9194,1805,credit,3
5730,3007,withdraw,3
15320,862,credit,3
2210,2434,credit,2
18525,1132,credit,3
12368,4484,credit,1
1341,3514,withdraw,3
1276,943,withdraw,2
5692,465,withdraw,2
7007,3983,withdraw,3
8626,9265,withdraw,2
6833,411,withdraw,3
2968,890,withdraw,1
1508,982,withdraw,1
7956,627,withdraw,1
1966,3960,credit,3
1969,2256,withdraw,3
4769,2429,withdraw,1
9270,8051,withdraw,2
3369,2241,withdraw,1
12706,7753,credit,3
7879,830,credit,3
4822,2647,withdraw,1
4944,1830,withdraw,2
11893,4240,withdraw,3
10719,1965,credit,2
9165,5622,withdraw,1
1267,1477,withdraw,2
1056,1006,credit,1
1264,244,credit,3
3207,9188,credit,3
2796,2884,credit,1
4072,1134,credit,2
1719,1601,withdraw,3
2378,2220,withdraw,1
4547,813,credit,3
6810,2585,withdraw,1
2222,2861,credit,3
1279,2342,withdraw,2
13630,2763,credit,1
6611,1944,withdraw,3
7419,1966,withdraw,1
2590,2293,credit,3
2157,2543,withdraw,1
7333,1801,withdraw,3
10974,11013,withdraw,1
1868,2423,withdraw,1
1803,142,credit,1
7883,3424,withdraw,2
11477,539,withdraw,2
2330,3554,credit,2
6689,979,withdraw,3
9803,3374,credit,1
8031,3545,credit,2
1381,3047,withdraw,1
9979,96,withdraw,1
2140,461,credit,2
8132,3026,credit,2
5048,3593,withdraw,3
2042,128,credit,2
7592,3787,withdraw,1
2586,3691,withdraw,1
3729,1054,withdraw,3
1779,2433,credit,1
9070,4937,credit,2
6745,2124,withdraw,3
6337,322,credit,3
2361,3168,withdraw,3
2506,4355,withdraw,3
1819,2396,credit,3
7256,1678,withdraw,3
7498,925,withdraw,1
12754,1005,withdraw,3
1326,2110,withdraw,1
8270,697,withdraw,3
2380,1366,credit,3
2229,3117,withdraw,2
8671,1050,credit,1
15460,2242,withdraw,2
2900,562,withdraw,2
8772,197,withdraw,3
2710,5369,withdraw,3
2517,496,withdraw,1
6434,7401,withdraw,2
6420,2,withdraw,3
3162,1829,withdraw,3
2521,428,credit,2
2018,3651,credit,1
12740,2486,credit,3
2088,1688,withdraw,2
2389,3008,withdraw,2
12012,9203,credit,1
2123,1575,withdraw,3
7673,361,withdraw,1
2555,1775,credit,2
8578,239,withdraw,2
1050,3302,credit,3
2864,1713,withdraw,1
5183,415,credit,1
2741,1077,withdraw,1
10907,4134,withdraw,1
6375,3513,withdraw,1
6092,1378,withdraw,1
3999,2503,withdraw,1
2154,559,withdraw,2
9688,6555,withdraw,1
4467,882,credit,1
2137,744,withdraw,2
1085,86,withdraw,2
7552,1545,withdraw,2
993,2666,credit,2
5295,3935,withdraw,2
5819,396,withdraw,3
5806,2694,withdraw,3
2204,1126,withdraw,3
2501,3734,credit,3
6241,944,withdraw,1
1411,2453,withdraw,1
8892,4596,withdraw,2
2278,2489,credit,3
6719,2895,credit,3
6105,2555,withdraw,2
2234,317,credit,2
15264,2219,credit,1
9025,494,withdraw,3
7073,2581,withdraw,2
2485,112,withdraw,3
12194,3674,withdraw,2
7439,395,withdraw,2
3969,2039,withdraw,3
2530,2712,withdraw,3
1959,123,withdraw,2
6439,9640,withdraw,2
2152,2974,credit,3
1748,2508,withdraw,2
2359,588,credit,1
13406,7231,withdraw,3
1066,3108,withdraw,3
11647,2458,withdraw,1
13298,6701,withdraw,1
2183,3883,withdraw,3
14775,222,credit,3
2656,2497,withdraw,3
4856,3835,credit,3
2994,1372,credit,2
8483,7445,credit,3
9907,6034,credit,1
3286,115,withdraw,1
1129,1189,withdraw,1
4402,11065,withdraw,3
1965,425,withdraw,3
5021,860,withdraw,1
11725,2527,credit,3
8964,9883,withdraw,2
2327,1535,withdraw,2
16178,3675,withdraw,3
1959,892,credit,3
11500,2762,credit,2
8314,3069,withdraw,1
12995,2651,withdraw,1
2529,2618,credit,3
8110,5442,withdraw,2
10076,1787,withdraw,3
6469,1397,withdraw,2
9237,3785,withdraw,3
3867,3678,withdraw,1
1048,623,withdraw,2
14588,8260,withdraw,3
2385,3001,withdraw,3
5809,655,withdraw,2
2566,4093,withdraw,3
8126,1332,withdraw,2
1766,2528,credit,2
905,2011,credit,3
1799,1721,credit,1
11051,3260,withdraw,3
7609,3283,withdraw,1
9505,3781,withdraw,2
7430,7203,credit,3
2380,1402,credit,2
2666,1157,credit,3
2402,1065,withdraw,2
2555,4347,credit,1
1760,3076,withdraw,2
5653,3586,withdraw,1
6035,9403,credit,3
1369,1115,withdraw,3
1219,1874,withdraw,3
1175,423,withdraw,1
6692,5483,credit,3
1752,187,withdraw,3
1963,62,withdraw,3
5976,8330,withdraw,3
2242,1771,withdraw,1
3717,2493,withdraw,2
4429,6425,withdraw,1
8453,3923,withdraw,1
11992,2245,withdraw,2
1089,2896,credit,2
5471,3391,withdraw,2
4891,1898,withdraw,2
7798,3367,credit,1
8435,3915,credit,3
9078,1780,withdraw,3
10562,8519,withdraw,3
3016,3980,withdraw,1
9238,4350,credit,3
3180,686,withdraw,3
3003,362,credit,2
14668,299,withdraw,1
1317,2488,withdraw,2
1746,2985,withdraw,1
9330,2056,credit,2
5745,2817,credit,1
983,385,credit,1
4154,748,withdraw,1
2438,2002,credit,1
2094,220,withdraw,2
2122,1422,withdraw,3
1245,1891,withdraw,2
2649,3788,credit,1
9789,1147,withdraw,3
2720,1239,withdraw,1
1017,3213,credit,3
3375,8321,withdraw,1
1449,3644,credit,1
3404,2648,withdraw,3
16802,4318,withdraw,3
13007,2838,credit,1
4119,2313,withdraw,1
13490,7123,credit,1
10157,5428,withdraw,1
997,279,credit,3
1046,104,withdraw,3
1320,1152,credit,2
8015,497,withdraw,1
3290,83,withdraw,1
3732,3327,withdraw,2
10479,5740,withdraw,1
3992,2008,withdraw,1
11764,2216,credit,3
9119,10738,withdraw,3
5694,1815,credit,1
8351,8132,credit,1
14619,4321,credit,3
1342,2823,withdraw,3
1557,7454,withdraw,2
1850,1773,credit,3
13254,10973,credit,2
9603,2599,credit,3
6990,188,credit,2
6019,1166,credit,1
1388,504,credit,1
7272,1518,withdraw,1
6210,2189,credit,3
5636,6040,withdraw,2
6463,2876,credit,1
12363,6897,withdraw,3
4912,1505,withdraw,2
10472,9707,credit,1
14759,4377,withdraw,3
7726,717,credit,3
1862,2814,withdraw,3
2526,3068,withdraw,3
3153,928,withdraw,1
18862,1032,credit,3
8776,2639,withdraw,3
2486,1476,withdraw,2
9576,897,withdraw,1
5390,977,credit,3
1231,168,withdraw,3
11992,2175,credit,3
11629,10105,credit,1
7775,1392,credit,2
4385,3697,withdraw,2
8117,5313,withdraw,2
10781,2222,credit,3
7784,2641,withdraw,2
7570,5423,withdraw,3
13011,2609,withdraw,2
3192,4254,credit,3
5933,3965,withdraw,2
2249,5472,withdraw,1
8495,2932,credit,1
7313,10656,withdraw,1
13162,4743,credit,1
1970,1822,credit,2
1997,887,credit,2
2357,1048,credit,1
2366,1236,withdraw,2
2138,1671,withdraw,1
4392,3999,credit,2
5870,3316,credit,2
5579,2037,credit,1
12198,10079,withdraw,3
6596,1200,withdraw,3
2603,551,credit,2
9871,3050,withdraw,1
2414,1161,credit,3
13695,5372,credit,3
2499,1784,withdraw,1
3451,1887,credit,3
4212,1644,withdraw,1
3260,1603,credit,2
9411,1071,credit,3
1077,1658,credit,1
1739,44,withdraw,3
14210,1039,credit,3
2508,2410,withdraw,1
9253,790,withdraw,2
1279,2583,credit,2
852,2523,credit,3
1726,751,withdraw,2
2387,1782,withdraw,3
4684,8261,withdraw,3
1656,2061,withdraw,1
14143,2321,credit,2
5864,3649,credit,2
2624,1334,credit,3
6573,555,credit,3
1532,3173,withdraw,2
11938,863,credit,2
2430,3181,credit,1
3194,3284,credit,2
9490,1610,withdraw,1
6197,489,withdraw,2
9892,3210,credit,1
1912,947,credit,1
1921,1937,withdraw,3
9887,4225,withdraw,3
7893,991,credit,3
4063,1412,withdraw,3
6595,1180,withdraw,1
3226,2758,credit,2
7281,2711,credit,1
11238,11111,withdraw,2
9507,9591,withdraw,3
2283,3099,credit,3
2472,1652,withdraw,2
11397,9828,withdraw,3
5409,5385,credit,3
3127,2645,credit,3
8637,23,withdraw,2
6142,2991,withdraw,2
2175,3469,withdraw,3
2941,3064,withdraw,3
2763,1851,withdraw,2
1357,3844,withdraw,1
6870,1442,withdraw,1
11034,3558,withdraw,2
4907,1534,withdraw,2
5774,334,withdraw,1
7874,119,withdraw,2
6034,1272,credit,1
6758,1786,withdraw,2
5653,3796,credit,3
3857,2436,withdraw,1
1339,3063,withdraw,1
11361,18,withdraw,3
6919,11320,withdraw,2
2005,3888,withdraw,1
1316,1584,credit,3
9749,5546,credit,3
6988,10911,credit,2
1919,2029,withdraw,2
8225,2467,withdraw,2
11360,2962,credit,1
2361,165,withdraw,1
2214,1617,withdraw,3
7103,510,withdraw,3
10781,4448,credit,3
4933,327,withdraw,1
1840,640,withdraw,2
1216,2068,withdraw,1
2022,2534,withdraw,3
1425,1018,withdraw,3
1904,3670,credit,3
1710,1743,credit,1
7017,1285,withdraw,1
8946,3258,withdraw,2
6696,2146,withdraw,1
6633,4576,withdraw,3
8697,3072,withdraw,1
4781,8934,withdraw,1
8568,2176,withdraw,1
7516,1999,withdraw,3
10567,2741,credit,2
2479,3682,withdraw,3
7701,2862,credit,2
2434,3032,withdraw,2
4348,4427,credit,2
7061,1207,credit,3
6962,2327,withdraw,2
14259,3713,credit,2
4508,6281,withdraw,2
13992,5129,withdraw,2
2384,774,credit,1
11133,1247,withdraw,2
6268,5343,credit,3
2504,701,credit,1
2484,306,credit,3
2057,3566,credit,1
1467,2388,credit,2
1259,1990,credit,3
9700,10266,withdraw,1
1346,3542,withdraw,2
11343,3771,credit,2
8571,1978,credit,3
6992,1515,withdraw,2
1776,2022,credit,3
3328,433,credit,1
10847,4171,credit,3
1068,1373,credit,1
6304,3133,withdraw,2
7657,1475,withdraw,3
3017,3246,credit,2
2278,135,withdraw,3
8711,446,withdraw,2
4598,2779,withdraw,1
3270,432,credit,3
3150,5767,withdraw,3
4664,9093,credit,1
6260,2880,credit,1
9983,1998,credit,1
10443,2933,withdraw,2
9116,2554,credit,3
4130,773,withdraw,2
7143,3969,credit,1
2384,1277,withdraw,1
10135,4894,withdraw,3
991,148,credit,1
7387,899,credit,2
1414,1299,withdraw,1
6476,738,credit,1
9719,5120,withdraw,2
14142,3786,credit,2
17524,3521,withdraw,2
6819,886,withdraw,1
16058,5228,withdraw,3
1843,702,credit,1
2320,300,withdraw,3
8028,1837,withdraw,2
8302,2940,withdraw,1
2439,1451,credit,3
2266,3954,withdraw,2
6666,885,withdraw,1
2221,2697,credit,1
7053,8129,withdraw,1
2232,3775,withdraw,2
9559,2411,withdraw,3
2345,1930,credit,3
5224,9034,credit,1
2423,902,credit,2
5251,3096,withdraw,2
1470,630,credit,2
1885,3435,credit,2
2441,2687,withdraw,2
6461,2552,withdraw,1
3495,5215,withdraw,3
7198,36,withdraw,3
3977,2736,credit,2
9832,2464,withdraw,1
5092,1861,withdraw,3
3553,929,credit,2
971,1145,withdraw,2
8496,2298,credit,3
2748,1118,credit,3
8104,3778,withdraw,3
3565,381,credit,1
1363,1852,credit,1
5973,2705,withdraw,1
9746,4352,withdraw,3
13677,8173,credit,3
1532,1322,credit,3
9791,9472,withdraw,2
2280,368,withdraw,3
2988,1425,withdraw,2
6365,78,credit,2
2087,2186,withdraw,3
13634,8027,withdraw,1
1842,35,withdraw,2
3832,1566,withdraw,1
3099,3261,withdraw,2
3069,3939,credit,3
2295,2336,credit,2
5447,2078,credit,2
1361,2584,withdraw,1
948,3882,withdraw,2
1447,907,withdraw,1
2615,4159,credit,3
4826,1411,credit,1
10582,1684,withdraw,3
1077,3748,withdraw,1
3868,2213,withdraw,2
9072,1062,withdraw,2
4109,273,credit,1
8368,10320,credit,1
7140,3277,credit,1
12076,1416,withdraw,1
1869,1892,credit,1
7424,3654,withdraw,3
2654,3413,withdraw,1
5938,1544,withdraw,3
2724,3955,withdraw,2
3298,3000,credit,2
10973,9703,withdraw,1
2341,234,credit,1
2336,3241,withdraw,2
1343,3078,withdraw,2
3223,1497,credit,2
5059,3152,withdraw,3
3825,3465,credit,2
5428,400,withdraw,1
5267,1902,credit,1
2632,757,credit,2
4090,5700,withdraw,2
4943,1116,credit,1
8697,6273,withdraw,2
14083,2818,credit,3
4812,408,withdraw,2
931,3222,withdraw,2
4549,3267,withdraw,3
1645,2513,withdraw,3
1459,3493,credit,3
4775,1201,credit,2
10311,4478,credit,1
18353,2915,credit,3
1916,1069,withdraw,3
2246,2253,withdraw,2
12945,9833,withdraw,1
11912,4035,withdraw,3
1438,1268,withdraw,3
1703,207,credit,2
991,3212,withdraw,3
7973,3287,withdraw,3
14425,6226,withdraw,2
1400,2123,withdraw,2
13063,2732,withdraw,2
4322,3629,withdraw,3
3351,2701,withdraw,2
3545,2841,credit,2
6359,1297,withdraw,2
3811,563,withdraw,3
1236,3982,withdraw,1
2355,225,credit,3
7768,7485,withdraw,1
2297,1630,credit,1
2250,2088,withdraw,1
6607,445,withdraw,2
2131,403,withdraw,3
12444,186,credit,2
2153,3720,credit,1
15651,574,credit,2
1289,1429,withdraw,3
1422,759,withdraw,1
8048,3738,credit,1
4661,6363,withdraw,2
2198,7819,credit,3
4672,3580,withdraw,3
2585,4000,withdraw,1
10172,9041,withdraw,3
5294,930,credit,3
6548,1834,credit,2
2462,1925,withdraw,3
2614,2620,credit,3
7866,1507,credit,1
6622,3609,withdraw,3
1199,1382,credit,3
1354,2199,withdraw,3
1312,601,withdraw,3
10911,2938,withdraw,3
3219,3298,credit,3
8614,3745,withdraw,2
8972,7857,withdraw,2
8460,6636,credit,1
11227,816,credit,1
7445,3699,credit,1
2250,3656,credit,1
2198,2038,credit,1
3756,3136,credit,1
9887,1136,withdraw,1
1816,2542,withdraw,1
1131,1589,credit,3
1701,3547,credit,3
11097,3127,credit,2
10151,3538,withdraw,3
8136,2167,withdraw,1
8652,47,withdraw,2
9764,26,withdraw,2
1950,657,credit,3
1985,747,credit,1
6359,3850,withdraw,3
13383,5366,credit,1
10900,1701,credit,3
10001,11021,credit,3
2346,3600,credit,2
3142,3613,credit,3
9425,3166,withdraw,3
2097,3792,credit,2
5074,523,withdraw,2
4920,3808,withdraw,2
5810,541,withdraw,3
2417,1401,withdraw,2
9016,1023,withdraw,2
8656,3683,withdraw,3
8791,3220,credit,2
2411,1912,credit,2
1332,238,credit,3
6569,1779,withdraw,2
12537,5481,withdraw,1
8968,3113,withdraw,2
1995,942,withdraw,2
14103,3035,withdraw,2
7516,2616,withdraw,3
1655,3221,withdraw,2
8085,2137,credit,1
5809,3891,withdraw,2
7208,2771,withdraw,1
3691,9236,withdraw,2
2437,978,withdraw,2
1869,2417,withdraw,3
1941,552,credit,2
7600,274,withdraw,2
12674,8212,credit,1
2196,3868,credit,2
6547,9869,credit,2
1951,1875,credit,2
1333,3477,withdraw,1
4122,3053,withdraw,2
1930,1057,withdraw,1
3764,1513,withdraw,1
7889,6030,credit,3
4170,3306,withdraw,3
3391,1761,withdraw,2
9006,3407,credit,1
2292,162,credit,3
1176,815,credit,3
4330,1305,credit,2
12050,5011,withdraw,1
2020,965,credit,1
5739,3837,credit,1
2114,1449,withdraw,2
3926,3361,withdraw,2
9395,33,withdraw,1
8187,950,withdraw,1
5582,2510,withdraw,3
3617,6051,withdraw,1
2325,389,credit,1
13621,730,credit,2
15777,2894,withdraw,2
1313,3319,withdraw,1
3754,10451,credit,3
1325,721,withdraw,1
14043,1694,withdraw,3
9230,1106,withdraw,2
8156,172,withdraw,3
2484,1337,credit,3
12252,3920,credit,2
1102,3011,credit,2
4535,2592,withdraw,2
2558,146,withdraw,3
10329,2576,credit,3
1604,3195,withdraw,3
9685,8073,withdraw,1
6466,2082,withdraw,2
3782,4463,withdraw,1
4228,160,withdraw,3
2194,2020,credit,3
1889,117,credit,2
2333,3509,withdraw,1
4839,7607,withdraw,1
1834,151,credit,1
1848,1719,credit,1
1882,1827,withdraw,3
3108,7190,credit,1
3366,2951,credit,3
2493,3456,credit,1
7559,5952,credit,3
1550,1197,withdraw,2
1988,1689,withdraw,2
3099,3575,withdraw,3
7916,3323,withdraw,1
2883,2649,withdraw,2
9313,6930,withdraw,1
1039,2691,withdraw,2
2260,1107,credit,1
6884,2428,withdraw,3
2003,8475,withdraw,3
1371,1091,withdraw,3
2686,2907,credit,2
4217,2302,credit,1
1260,1487,withdraw,2
3752,4414,withdraw,3
1890,3157,credit,3
7489,1410,withdraw,3
7105,1146,withdraw,3
6214,750,withdraw,1
1374,2150,credit,3
9692,8564,withdraw,1
7668,10940,withdraw,3
2606,10440,credit,3
9303,10036,credit,1
6069,861,credit,3
5878,9337,credit,1
2455,1234,credit,1
8179,7774,withdraw,1
9956,1079,credit,3
10414,1547,withdraw,1
5126,3863,withdraw,1
5926,3480,withdraw,1
6415,1705,credit,1
2143,3310,withdraw,2
5721,6715,withdraw,3
1391,2671,withdraw,3
1591,3255,credit,3
1694,3028,credit,2
6546,3751,withdraw,1
1576,2802,withdraw,2
7649,2695,withdraw,2
2447,2849,withdraw,1
8847,2987,withdraw,3
1980,857,credit,3
5215,3042,withdraw,1
1316,7133,withdraw,3
10416,34,withdraw,2
15245,2282,credit,1
14139,699,credit,1
7967,837,credit,1
9825,8759,withdraw,3
5305,8489,credit,1
5591,153,withdraw,1
9273,3408,credit,2
1903,1602,credit,1
2175,2958,credit,1
983,3268,withdraw,1
2349,1831,withdraw,1
2768,854,withdraw,2
6943,1811,withdraw,1
9028,517,withdraw,2
1064,1440,withdraw,1
2039,39,withdraw,3
6451,1404,withdraw,2
7151,3822,withdraw,1
8602,3505,credit,3
10934,1804,withdraw,3
3599,467,withdraw,3
1113,2617,credit,1
2307,4437,credit,2
9078,8982,credit,3
13900,1453,withdraw,3
2022,3977,credit,1
2784,4511,withdraw,3
3423,27,credit,2
9717,10227,credit,1
3264,1052,credit,3
7187,228,withdraw,3
1997,3171,withdraw,1
5629,3618,withdraw,1
6614,1016,credit,2
6419,3237,withdraw,3
6382,15,withdraw,2
12292,7769,credit,3
7757,1485,withdraw,2
1736,2613,credit,2
10682,1896,withdraw,3
920,2201,credit,1
1289,3535,withdraw,3
1819,1120,withdraw,1
4022,5387,credit,3
1127,235,withdraw,2
2408,3701,credit,3
4827,4013,credit,3
10366,7011,credit,1
1281,4059,withdraw,1
11195,4659,withdraw,2
1764,1816,credit,2
2445,4543,withdraw,1
1121,1981,credit,3
1456,1516,withdraw,2
9440,2132,credit,3
2375,678,withdraw,1
4862,2427,credit,3
6753,8566,withdraw,1
1422,2793,withdraw,3
2395,2623,withdraw,1
1982,2479,withdraw,1
2642,492,withdraw,1
12794,8041,withdraw,3
1835,799,credit,1
5049,11135,withdraw,3
1074,1468,withdraw,1
5485,3972,credit,2
14438,624,withdraw,2
1313,3483,withdraw,2
2498,616,withdraw,2
8909,4260,credit,1
1579,931,withdraw,2
5314,102,withdraw,2
3142,540,withdraw,3
14651,2660,withdraw,3
2969,4287,withdraw,2
1135,3551,credit,2
9592,2072,credit,2
1978,4119,withdraw,2
7279,1345,credit,1
2907,2052,withdraw,3
4953,2824,credit,1
1913,1565,withdraw,1
5779,1767,withdraw,3
5948,1051,withdraw,2
1478,2140,credit,3
4122,2050,credit,2
2069,3927,credit,3
1785,2276,withdraw,3
9257,126,credit,1
1824,838,credit,3
1340,2667,credit,2
11736,2859,credit,2
1834,1789,withdraw,3
1882,3264,withdraw,2
2295,419,withdraw,3
1045,1217,withdraw,2
1370,3892,withdraw,1
6629,2345,withdraw,1
1589,198,credit,1
8843,5256,withdraw,1
2476,40,withdraw,1
12795,397,withdraw,2
1568,3146,credit,1
1915,2180,withdraw,3
1569,287,withdraw,1
2128,259,withdraw,1
4228,354,credit,1
2273,1666,credit,3
1670,1133,withdraw,2
7439,3225,credit,1
5405,1123,withdraw,1
1788,542,withdraw,1
8085,1495,credit,3
1722,1381,credit,2
6917,2582,credit,3
16693,4470,withdraw,1
12839,2435,withdraw,1
8177,2250,withdraw,3
8154,3086,withdraw,3
8168,4079,withdraw,2
1762,340,withdraw,2
2084,841,withdraw,2
1470,520,withdraw,1
11580,3371,credit,2
3813,2269,withdraw,3
8437,2867,credit,2
2509,3640,withdraw,3
2223,107,withdraw,3
2727,3354,credit,2
1818,743,withdraw,3
13527,243,withdraw,3
4759,3687,withdraw,3
5775,1984,credit,3
7007,73,withdraw,3
13634,4255,credit,3
2354,4173,credit,2
1802,3352,credit,2
7879,2700,withdraw,1
8157,7965,withdraw,1
5791,2318,withdraw,2
3755,3948,credit,2
7285,648,withdraw,1
7749,462,credit,3
2749,3243,credit,3
11465,8625,credit,3
6683,3688,withdraw,2
7027,5984,withdraw,2
15071,3326,withdraw,2
5075,3091,credit,2
2416,3548,withdraw,2
2543,2457,credit,3
9746,998,withdraw,1
2019,321,withdraw,2
2850,626,withdraw,1
4674,2738,credit,3
2584,1947,withdraw,3
2598,519,withdraw,3
2239,2549,withdraw,1
6053,1809,credit,2
8542,8957,withdraw,1
2503,2665,withdraw,3
8986,1114,withdraw,2
1223,2271,withdraw,1
1394,914,withdraw,1
10701,10906,credit,3
11549,9656,withdraw,2
2192,3660,withdraw,3
3496,196,withdraw,2
1061,3218,withdraw,1
2507,787,withdraw,1
4959,3820,credit,2
4573,3617,withdraw,2
8755,1941,credit,3
8523,1664,credit,1
9954,3370,withdraw,1
12389,4337,credit,1
9081,3938,credit,3
2102,2557,withdraw,1
9052,1527,credit,2
11741,10670,withdraw,2
1882,1686,credit,3
4405,3309,withdraw,3
2240,3107,withdraw,2
6514,8377,credit,2
6031,345,credit,1
2147,3571,withdraw,2
4734,5991,withdraw,1
9231,498,credit,3
11803,10439,withdraw,1
2289,1128,withdraw,3
2467,1302,credit,1
5902,10788,credit,2
6647,4343,withdraw,1
3193,2460,credit,1
2922,1931,withdraw,3
2900,4385,withdraw,3
14237,1286,withdraw,1
14269,2972,withdraw,1
1531,1235,withdraw,3
4501,545,credit,2
2476,7449,credit,1
9700,245,withdraw,2
1539,688,credit,2
3495,5927,credit,2
4513,173,withdraw,3
3801,604,withdraw,1
2200,10904,credit,1
9430,6806,credit,2
6941,6353,withdraw,2
11398,7844,credit,1
14415,2419,withdraw,1
2286,1288,withdraw,2
6759,10131,credit,1
3695,3003,credit,2
6683,1952,withdraw,3
2138,2989,credit,2
2805,1499,credit,2
6871,651,withdraw,2
2602,2739,withdraw,3
2784,3570,withdraw,3
13865,4237,withdraw,3
6908,426,withdraw,2
5988,4526,withdraw,1
5922,1621,withdraw,3
4615,344,withdraw,1
1106,1359,withdraw,3
8197,290,withdraw,1
7331,437,withdraw,1
7540,1204,withdraw,2
6759,1314,credit,3
18828,66,withdraw,2
2091,3145,credit,2
864,3087,withdraw,2
6512,2588,withdraw,1
2132,2063,withdraw,3
2407,3129,credit,1
7453,597,withdraw,3
2696,956,withdraw,2
9487,4264,withdraw,2
11586,3223,credit,3
1351,884,withdraw,2
11942,10663,withdraw,3
4120,2306,credit,2
1663,3345,withdraw,2
1938,737,withdraw,2
7098,1970,withdraw,3
1798,1673,credit,2
9028,2504,credit,3
3872,3918,withdraw,3
2013,2980,credit,2
872,358,withdraw,2
1576,903,withdraw,2
2962,3380,credit,2
2223,2128,withdraw,2
3299,3039,credit,1
7244,1680,withdraw,3
1736,2305,withdraw,1
2139,391,withdraw,2
5136,1762,credit,1
1712,1588,withdraw,1
1400,61,credit,1
4989,183,withdraw,2
1901,2476,withdraw,2
4955,365,withdraw,1
2079,3196,credit,2
10219,347,credit,1
1925,1877,withdraw,2
9254,180,withdraw,3
8011,1225,credit,3
2353,2928,withdraw,2
3504,3825,withdraw,2
3812,2813,credit,3
13678,1605,credit,1
2323,1792,credit,2
6478,1604,withdraw,2
1984,3429,withdraw,3
13153,441,credit,1
4917,883,withdraw,3
19960,4514,credit,1
2181,1088,withdraw,2
4030,3094,withdraw,1
1719,2768,credit,2
5099,1768,credit,2
1962,1882,credit,2
2031,3292,withdraw,1
1382,719,withdraw,3
1382,2257,credit,3
1660,5092,withdraw,1
1158,2733,credit,1
1601,3056,credit,3
2036,1940,credit,1
2549,3669,withdraw,1
2291,1419,withdraw,1
2631,3604,withdraw,1
10818,2971,credit,2
2176,1959,withdraw,3
2047,3164,credit,2
1257,2770,credit,2
1308,3197,withdraw,1
8112,3135,withdraw,3
7037,6148,withdraw,1
8787,1080,withdraw,1
7927,7944,credit,1
2382,2010,withdraw,1
4177,100,credit,3
1909,1098,withdraw,1
1540,2913,credit,1
4023,1153,withdraw,2
934,2842,credit,2
6756,1635,withdraw,3
1873,3759,withdraw,1
5012,2161,withdraw,1
4689,2778,withdraw,2
10481,3594,withdraw,2
3680,2789,withdraw,2
9356,1552,withdraw,3
6101,1458,credit,1
2144,628,credit,1
4015,2673,withdraw,1
2036,1788,credit,2
5825,1193,credit,3
5439,1512,credit,1
2594,969,credit,2
3713,3997,withdraw,1
2366,1164,credit,1
7404,2179,withdraw,1
7604,4774,withdraw,1
11073,4413,credit,2
7642,1824,withdraw,3
6706,1231,credit,3
4717,2664,credit,2
3433,1627,withdraw,3
8288,9104,credit,2
6716,2326,credit,2
3318,4356,withdraw,1
2171,3667,credit,3
1691,742,withdraw,3
2477,2538,withdraw,2
1415,127,withdraw,1
2464,726,withdraw,2
13133,2628,credit,1
4209,4907,withdraw,1
2411,3898,withdraw,3
12834,6472,credit,2
5898,2472,withdraw,2
7694,1770,withdraw,2
4286,1159,credit,1
3702,4418,withdraw,3
4971,1470,withdraw,1
12736,1813,credit,2
2397,4416,withdraw,3
11873,3876,withdraw,1
1719,2315,withdraw,1
3105,4329,credit,2
2602,1317,withdraw,2
2105,3184,credit,2
960,370,credit,2
4534,2675,credit,1
2260,3840,withdraw,3
10511,4009,withdraw,3
12790,3886,credit,1
5183,3445,withdraw,1
3128,2482,withdraw,3
3251,2361,credit,1
11063,974,withdraw,2
14676,2959,withdraw,1
2122,1880,withdraw,1
5477,2501,withdraw,3
2114,3355,withdraw,1
3079,1073,credit,3
1201,3101,withdraw,1
5904,8558,withdraw,2
9443,1169,withdraw,3
6404,2568,withdraw,1
2555,3684,credit,3
1490,1406,withdraw,3
5435,71,credit,3
8180,3528,credit,3
7349,6118,credit,3
7548,3405,credit,3
2382,2382,credit,1
1818,1570,credit,2
2591,3307,withdraw,2
15001,1511,credit,2
12998,1237,withdraw,1
4739,3378,withdraw,2
1748,989,credit,2
12887,3253,credit,3
9120,1626,credit,1
8357,1987,withdraw,2
5619,289,withdraw,3
7265,817,withdraw,2
8802,2228,withdraw,2
8272,904,withdraw,3
2196,3599,withdraw,3
4218,3824,credit,2
2444,470,withdraw,1
6772,22,withdraw,2
7609,1273,withdraw,3
1036,237,withdraw,2
5510,572,withdraw,3
4682,59,withdraw,3
4009,1269,credit,3
5345,855,credit,2
2463,3183,withdraw,2
4372,1969,withdraw,1
2248,1158,withdraw,3
10265,2799,withdraw,3
5262,1042,credit,1
2468,2713,withdraw,3
1147,740,credit,2
7471,493,withdraw,3
8512,3804,withdraw,1
2591,2067,credit,1
11917,4259,withdraw,3
2485,2886,credit,2
1458,761,credit,2
2797,1918,withdraw,1
8191,3036,withdraw,2
12440,4408,withdraw,1
1252,3259,withdraw,1
7740,2009,credit,2
7979,1194,credit,1
1450,3718,withdraw,2
3280,3201,credit,3
2450,460,credit,3
5915,784,withdraw,1
5635,1353,credit,2
4550,1256,withdraw,2
1309,2154,withdraw,1
7508,3714,withdraw,2
6874,1820,credit,1
11158,2494,withdraw,3
3743,900,withdraw,2
3293,575,withdraw,3
2393,2399,withdraw,2
1564,343,credit,3
7887,1467,withdraw,1
15283,31,withdraw,3
6784,1375,withdraw,1
1955,1371,credit,3
15334,844,withdraw,2
7382,3134,credit,3
2233,908,credit,3
10126,2092,withdraw,2
10756,277,credit,3
3045,3747,credit,3
4556,2511,withdraw,3
4669,3595,withdraw,3
6283,4245,withdraw,2
6020,3838,withdraw,1
10482,1388,withdraw,1
14724,82,credit,1
6986,3653,withdraw,1
7461,524,withdraw,2
1154,543,withdraw,2
3125,1949,withdraw,3
1963,3912,withdraw,1
2215,1865,withdraw,2
1217,451,credit,1
15236,1184,withdraw,3
5085,50,withdraw,1
14171,363,credit,3
2943,2454,withdraw,3
10164,2740,credit,3
3295,2847,credit,2
5007,8405,credit,2
9713,1871,withdraw,1
19138,266,credit,3
1041,1879,withdraw,1
1812,2259,withdraw,1
856,609,withdraw,1
7686,2375,withdraw,2
2047,216,withdraw,1
6013,56,withdraw,1
9967,9750,credit,1
9833,7824,withdraw,3
3490,2996,credit,3
12045,649,credit,3
13946,2170,withdraw,2
4881,1509,withdraw,1
8840,2903,withdraw,2
13808,2001,credit,2
6539,3717,credit,3
3171,2496,withdraw,3
14821,4195,credit,1
12897,2227,credit,2
3359,3636,credit,1
7750,1826,withdraw,2
12856,9583,credit,1
12857,2749,withdraw,1
10429,4066,credit,3
2280,2662,withdraw,3
5940,535,withdraw,1
3276,1053,withdraw,1
9842,1838,withdraw,1
9359,3372,withdraw,2
8584,3037,withdraw,3
8539,11333,withdraw,3
1376,985,credit,2
7648,6924,withdraw,1
1745,700,withdraw,2
9273,3484,withdraw,2
4079,3289,withdraw,3
5649,2638,withdraw,3
6238,1634,withdraw,3
4324,4825,credit,2
10526,8316,withdraw,3
4597,3650,withdraw,3
14313,10942,withdraw,1
12099,2922,credit,1
6734,693,withdraw,3
1718,538,credit,1
1992,548,credit,3
3823,2260,credit,3
2666,3539,withdraw,3
1225,2155,credit,3
1348,4519,credit,1
2652,941,withdraw,3
2057,2569,withdraw,1
10955,6511,credit,3
8853,43,credit,1
2794,1047,withdraw,1
4623,3479,withdraw,1
2062,2868,credit,1
2933,4328,withdraw,3
5257,5628,withdraw,2
1164,1856,withdraw,3
8150,3160,withdraw,1
5045,154,withdraw,3
1043,3030,credit,2
8831,1938,credit,2
10460,1870,withdraw,3
2423,3275,withdraw,3
3307,8492,withdraw,3
9902,10093,credit,2
4565,3805,withdraw,3
4290,200,withdraw,2
10946,2471,withdraw,3
1556,161,withdraw,3
1547,1291,credit,3
1682,352,credit,3
4091,711,withdraw,3
2440,964,withdraw,3
12977,4276,credit,1
6782,1012,withdraw,3
9176,7765,withdraw,1
1730,901,withdraw,2
6214,90,withdraw,3
14405,5574,credit,2
3196,741,withdraw,1
9423,478,credit,3
5553,2819,withdraw,3
12176,3921,withdraw,1
4986,2615,withdraw,1
8618,3503,credit,3
2375,662,withdraw,3
2380,2654,withdraw,1
13154,9627,credit,3
5352,2470,withdraw,2
8338,427,withdraw,3
10045,709,withdraw,3
1583,629,withdraw,3
1535,2606,credit,2
7375,6738,withdraw,1
15397,2912,withdraw,3
11750,1022,withdraw,3
5314,1797,credit,3
9615,4995,withdraw,3
5379,3497,withdraw,3
2359,1848,credit,1
1790,582,withdraw,1
9178,3167,withdraw,2
4350,1579,withdraw,1
11536,610,credit,3
2342,3536,withdraw,2
6746,1017,withdraw,2
10888,3112,withdraw,3
4984,3017,withdraw,3
2687,1360,withdraw,2
2691,2747,credit,1
9471,9192,withdraw,1
5127,3728,withdraw,3
1406,1592,credit,3
2455,1246,credit,2
1546,1398,withdraw,1
12118,4131,withdraw,1
13149,377,credit,1
7119,1911,withdraw,3
8274,635,withdraw,3
2282,3625,withdraw,2
1644,3425,credit,3
2430,1327,credit,1
7263,2798,withdraw,1
4133,8776,withdraw,1
2579,2401,withdraw,1
10773,4580,withdraw,2
4023,3612,withdraw,3
1736,3226,withdraw,1
1496,3533,withdraw,2
11367,422,credit,1
6061,7523,withdraw,1
7128,3608,withdraw,2
3152,1105,withdraw,2
10164,9006,credit,3
1975,710,credit,2
8773,3579,withdraw,3
1377,2596,withdraw,2
3330,1292,withdraw,1
5399,7546,withdraw,3
1252,3797,credit,3
4539,1766,withdraw,1
3132,3478,withdraw,3
9648,8899,credit,1
3651,1975,credit,3
1384,3049,withdraw,3
1979,1714,withdraw,2
1959,3730,withdraw,1
2000,518,withdraw,2
10937,6321,withdraw,1
2051,3926,withdraw,2
8927,2030,credit,2
2455,1908,withdraw,2
2472,3712,withdraw,3
14474,3869,withdraw,1
8832,1878,withdraw,2
1940,3142,withdraw,2
2125,3288,withdraw,2
3578,1301,withdraw,3
2343,318,credit,3
2422,3336,credit,3
9567,1653,credit,1
4319,577,credit,3
5496,2960,withdraw,1
9423,2267,credit,2
1723,1989,credit,3
6283,1352,credit,3
9202,851,withdraw,2
8539,716,withdraw,2
8320,3555,credit,2
2632,6,credit,2
9765,1828,withdraw,1
3939,1333,credit,3
7783,11359,credit,1
1772,3457,withdraw,3
6200,2025,credit,3
1648,2627,withdraw,3
1346,3975,withdraw,3
5650,2905,credit,1
1264,939,credit,3
4223,3827,withdraw,2
3164,1934,withdraw,1
2401,1421,credit,2
1061,3878,withdraw,3
2220,2363,withdraw,2
7365,2195,credit,1
5146,2059,credit,2
1996,1205,withdraw,3
3020,2333,credit,3
12180,3074,withdraw,1
8601,1559,credit,2
10167,2840,withdraw,3
4415,2430,withdraw,1
6240,2463,credit,2
5472,3860,credit,3
5730,2788,credit,1
8293,596,credit,2
12356,8127,withdraw,3
5040,2742,credit,1
8612,3622,credit,3
2175,1312,credit,1
9486,4283,credit,1
4738,2924,withdraw,2
2397,654,credit,1
12253,3756,credit,2
6201,2790,credit,1
11799,67,credit,1
2003,2949,withdraw,2
6247,3849,withdraw,1
9612,5422,withdraw,2
2525,988,credit,3
8761,3058,withdraw,2
2269,1958,withdraw,3
2237,1441,withdraw,3
8033,1109,withdraw,1
2404,2536,withdraw,1
2409,1295,credit,3
3532,3419,withdraw,1
3928,1076,credit,1
8931,1993,credit,2
5935,201,credit,1
11698,960,withdraw,1
2579,1168,credit,2
2035,2365,withdraw,2
2365,973,credit,2
9081,3663,credit,2
1336,3576,withdraw,1
9337,4082,credit,1
3928,2541,credit,2
3792,4476,withdraw,3
1474,2377,withdraw,3
14067,2572,withdraw,3
13870,5632,withdraw,2
6532,1554,withdraw,1
13701,940,withdraw,1
11324,1583,credit,3
5109,1708,withdraw,3
14518,2218,withdraw,2
1559,449,withdraw,2
7303,2044,withdraw,1
5139,29,withdraw,1
12436,11186,credit,2
5504,3752,withdraw,2
11002,2028,withdraw,3
6577,106,withdraw,1
4906,1294,credit,2
9178,2707,withdraw,3
2171,2027,withdraw,1
5764,9731,withdraw,3
1931,3369,withdraw,1
1589,1578,withdraw,1
6030,8411,credit,1
7976,1919,withdraw,1
2475,1307,credit,1
7651,2121,withdraw,3
2201,1436,credit,2
5027,2809,credit,2
6859,3348,withdraw,2
5332,2546,credit,2
11128,3364,credit,2
5555,3489,withdraw,1
1229,594,credit,1
4162,2343,withdraw,2
13929,4434,credit,3
2370,359,withdraw,2
11539,3279,credit,3
6527,1011,credit,2
3935,2808,withdraw,2
10617,8856,credit,2
6412,775,withdraw,2
4534,5357,withdraw,2
6569,3903,withdraw,2
2451,2524,withdraw,2
8955,3567,withdraw,1
2020,802,credit,3
8445,68,withdraw,3
8823,1417,withdraw,2
1860,3643,withdraw,2
6109,10728,credit,1
21179,2384,withdraw,3
5340,1835,withdraw,1
3575,3621,credit,3
2068,1394,credit,2
2530,3006,credit,1
6737,2322,withdraw,2
4052,1331,withdraw,3
17475,2355,credit,2
13361,4503,credit,1
1975,3482,credit,1
2091,2077,credit,2
12990,685,credit,3
4770,2239,withdraw,2
14208,7795,withdraw,3
1410,1706,withdraw,2
6128,2163,withdraw,2
3072,3128,credit,3
5798,3141,withdraw,1
2099,3250,credit,2
2305,2978,withdraw,1
1216,1955,withdraw,3
7822,5650,credit,2
1318,3641,withdraw,3
1782,2923,credit,3
3595,8092,withdraw,1
1031,2421,withdraw,3
1713,756,credit,3
960,1437,withdraw,1
1066,3244,credit,2
5316,10630,credit,2
1028,3981,credit,1
4996,2729,withdraw,3
5198,4368,withdraw,3
4517,2446,credit,1
1917,3812,withdraw,3
9709,839,credit,3
2567,2563,credit,3
13305,7562,credit,3
3238,1625,credit,2
4642,1414,withdraw,3
12065,915,credit,3
2019,2185,withdraw,3
6496,1446,withdraw,1
8500,2681,withdraw,2
993,3777,withdraw,3
1030,2414,withdraw,1
8697,9814,withdraw,3
2481,484,withdraw,3
4601,217,credit,3
4626,9030,withdraw,1
5093,2352,withdraw,3
1564,3841,withdraw,3
3000,1526,withdraw,2
9174,270,withdraw,1
6047,2054,withdraw,3
2435,1914,withdraw,2
2444,2663,withdraw,3
14313,4103,withdraw,2
4302,3362,withdraw,1
13254,2111,credit,2
10140,5735,credit,2
2682,1769,withdraw,2
7070,3235,credit,2
1951,2755,credit,3
1370,1548,credit,2
2452,795,credit,1
2448,650,withdraw,2
11419,11042,withdraw,2
6783,3421,withdraw,3
2148,3583,credit,3
8200,1112,credit,3
1235,4001,credit,3
8521,393,withdraw,1
4459,1496,credit,1
2579,2718,credit,3
11764,2968,withdraw,2
2256,1889,credit,2
2022,789,withdraw,1
14204,7614,withdraw,3
3406,8159,withdraw,2
3133,2151,withdraw,3
1770,515,withdraw,1
2389,4109,withdraw,2
7844,3865,withdraw,1
3935,3817,withdraw,1
4312,388,withdraw,2
8081,2268,withdraw,3
1539,3623,withdraw,3
10040,4727,withdraw,1
12247,1967,credit,2
6590,3466,withdraw,2
1319,607,credit,3
7319,3297,credit,3
2552,1858,credit,3
3736,70,withdraw,1
6410,3978,credit,1
1246,781,credit,3
5907,10884,withdraw,1
1849,2688,credit,1
14824,1772,credit,3
1938,2047,credit,2
13044,3839,withdraw,2
4551,2490,withdraw,1
2050,1633,withdraw,1
4556,763,withdraw,3
4945,4161,withdraw,1
2148,2431,withdraw,1
2081,3753,withdraw,1
4515,3710,withdraw,1
5733,1778,credit,1
3498,2911,withdraw,1
3330,1702,withdraw,3
2207,3737,withdraw,3
4484,190,withdraw,1
6581,2680,withdraw,1
10945,3233,credit,3
7796,1129,withdraw,1
12543,3014,withdraw,2
3220,2865,withdraw,3
6675,2367,withdraw,2
5823,1287,withdraw,1
16475,30,credit,1
5113,9897,withdraw,2
9061,376,credit,3
3108,3826,credit,1
1596,1108,credit,1
6360,108,credit,3
1656,1802,withdraw,1
11547,3230,credit,1
1825,3989,credit,1
3580,2723,credit,1
13296,7859,withdraw,1
9252,158,withdraw,2
10004,7606,credit,2
6335,6397,credit,2
2231,150,credit,2
2931,586,withdraw,2
3104,2810,withdraw,1
11592,3402,credit,1
8305,1261,withdraw,1
5627,2856,credit,2
7393,3750,withdraw,2
1829,288,credit,3
6093,1174,withdraw,1
4807,1306,credit,3
2571,5541,withdraw,2
1570,1,withdraw,2
7317,981,withdraw,2
4703,767,withdraw,1
1926,608,credit,3
18013,1757,withdraw,2
7932,6609,withdraw,3
2957,870,withdraw,2
12858,1254,credit,1
5435,568,credit,2
16953,227,withdraw,2
7464,1540,credit,1
8367,1692,withdraw,2
10525,95,withdraw,2
1247,1249,withdraw,1
2449,2540,withdraw,2
1649,1561,withdraw,3
7308,9493,withdraw,2
11507,248,withdraw,1
1190,231,credit,2
2932,5126,credit,1
2396,2203,withdraw,3
12786,6910,withdraw,1
1416,1479,withdraw,1
5161,2839,withdraw,1
4663,1986,withdraw,2
12162,6289,credit,3
3221,3147,withdraw,3
2106,842,credit,2
8318,1821,withdraw,1
4125,7418,credit,1
3141,1590,withdraw,3
5144,19,withdraw,3
2172,206,credit,1
6397,3109,credit,1
7552,7815,withdraw,3
8011,7136,credit,1
1915,1228,withdraw,1
9605,893,credit,2
2352,2750,withdraw,3
6397,3702,withdraw,2
3663,4852,withdraw,2
1882,3729,withdraw,3
4399,1046,credit,2
15162,1309,credit,1
13801,1862,withdraw,1
2919,1315,withdraw,2
2754,3321,withdraw,2
2240,3231,credit,3
6328,5724,withdraw,3
3604,3823,withdraw,2
8326,2726,withdraw,1
1085,1038,withdraw,1
8455,819,credit,2
4174,7861,withdraw,1
5183,455,credit,2
7544,3930,withdraw,3
7901,4423,withdraw,2
1975,267,withdraw,3
1836,922,withdraw,2
12783,3735,withdraw,1
2009,3449,withdraw,2
9588,404,withdraw,2
9249,2547,withdraw,2
2374,2751,withdraw,1
1158,2331,credit,1
2460,1248,withdraw,3
12229,1010,withdraw,1
1347,54,credit,2
2162,2364,withdraw,1
1964,1280,credit,2
1230,3936,credit,1
1791,2931,withdraw,1
2697,10351,withdraw,2
10355,5194,withdraw,2
2689,3464,withdraw,3
3598,454,withdraw,3
7458,3940,credit,3
1353,4538,credit,3
2922,533,withdraw,3
8337,463,credit,2
1890,1183,withdraw,1
2208,4105,credit,3
8196,2323,credit,2
10682,6434,withdraw,1
3072,2525,withdraw,1
8993,285,credit,1
2139,746,credit,3
5589,2919,withdraw,2
1947,1741,withdraw,3
9295,3845,credit,3
8660,256,credit,1
15034,4014,credit,1
1267,2935,withdraw,3
8332,2178,withdraw,2
8243,544,withdraw,2
2088,1720,withdraw,2
14244,733,credit,3
2617,875,credit,1
1247,3251,withdraw,1
8401,5358,withdraw,3
8873,2521,withdraw,1
11430,10963,credit,3
7670,57,withdraw,2
2470,4589,withdraw,2
1277,490,withdraw,2
12118,3386,withdraw,1
8683,8998,withdraw,1
1956,2969,withdraw,1
13127,11349,withdraw,3
2419,1530,withdraw,2
2530,1642,credit,1
11370,6358,withdraw,2
5865,10001,credit,2
7612,3186,withdraw,1
10530,3624,credit,1
1134,1059,withdraw,2
4613,2559,withdraw,1
1126,1974,credit,2
8767,11069,withdraw,2
3745,3874,withdraw,1
7560,3520,withdraw,2
2328,2018,withdraw,3
15671,2877,withdraw,1
3823,2642,withdraw,2
4665,1092,withdraw,2
1877,553,withdraw,2
2640,471,withdraw,1
1828,53,withdraw,3
4352,1413,withdraw,1
2245,1620,withdraw,3
1324,1465,credit,3
2076,754,withdraw,3
4011,3392,withdraw,3
3005,4121,credit,1
5959,5774,withdraw,3
2231,3045,withdraw,3
1916,1420,credit,1
8963,3453,withdraw,3
1253,1696,withdraw,3
7824,2139,withdraw,1
4561,1793,credit,1
4009,896,withdraw,2
6255,3725,withdraw,1
868,3252,withdraw,2
7659,7618,withdraw,3
4508,131,withdraw,2
7999,807,withdraw,1
4853,808,withdraw,3
5642,3847,withdraw,1
4988,223,credit,3
4196,3124,withdraw,1
2137,3601,credit,2
2296,2328,withdraw,1
7603,1519,withdraw,2
10244,10019,withdraw,2
8501,120,withdraw,3
6258,458,credit,3
1337,1846,withdraw,2
4944,2096,credit,2
1584,2297,withdraw,2
5544,7184,withdraw,2
4862,1031,withdraw,3
2568,2781,credit,3
2457,3810,withdraw,2
8455,1151,credit,1
3639,1728,withdraw,2
1458,3436,withdraw,2
1849,3363,withdraw,3
4898,9235,credit,3
10023,99,credit,2
2636,2533,credit,3
5343,638,credit,1
1076,2292,credit,2
4198,3410,credit,2
18922,1725,withdraw,2
2364,1597,withdraw,2
2392,2041,withdraw,2
10670,4330,credit,2
5564,4415,withdraw,2
9792,5742,withdraw,1
1435,3458,withdraw,3
14322,3330,credit,2
3269,3779,withdraw,1
10720,6649,credit,3
10040,1103,credit,3
1737,731,withdraw,1
1834,2307,withdraw,3
951,3474,withdraw,1
15113,625,withdraw,1
2575,1075,withdraw,1
5494,2281,credit,3
4154,3895,withdraw,2
8288,5794,withdraw,3
3548,5263,credit,1
2159,1220,withdraw,3
3923,1568,credit,3
15840,1344,withdraw,3
1818,1135,withdraw,2
4724,4263,withdraw,1
9961,8547,withdraw,1
1274,1936,withdraw,3
5278,3532,withdraw,3
8518,1251,withdraw,1
3224,2310,withdraw,3
2478,2244,credit,3
8157,1994,credit,1
3240,1472,withdraw,2
2669,720,credit,3
11142,2144,credit,1
5014,4081,credit,1
1162,953,withdraw,1
5475,10018,credit,3
6887,2553,withdraw,1
1587,2520,credit,1
8685,1252,withdraw,1
2538,3357,withdraw,3
12896,6985,withdraw,2
7799,2957,withdraw,1
1383,1803,withdraw,3
8690,4948,credit,3
2400,2577,withdraw,3
15422,1009,credit,2
14288,2265,withdraw,3
2054,5033,credit,2
3756,675,withdraw,3
4526,2830,withdraw,1
1365,1927,credit,3
3952,1971,credit,3
2600,5118,credit,3
1300,3203,credit,2
6083,4681,credit,2
2161,1520,credit,2
3464,3902,withdraw,2
7755,3270,withdraw,2
7499,8327,withdraw,3
5082,1203,withdraw,1
3383,2608,credit,2
3088,2206,credit,2
11053,3216,withdraw,3
4595,1122,withdraw,2
5483,786,credit,2
5051,75,credit,2
2224,3631,withdraw,2
5911,2514,withdraw,2
5553,3679,withdraw,1
1350,2562,credit,1
11122,3896,withdraw,3
6593,2280,withdraw,1
1256,531,withdraw,1
13195,5213,credit,1
16649,11138,credit,2
5628,6856,withdraw,2
10129,11382,credit,2
3808,560,withdraw,3
4174,5024,credit,2
1717,2855,withdraw,2
3377,2858,withdraw,2
3535,3763,withdraw,3
1167,995,credit,3
5436,3315,withdraw,1
13173,4258,withdraw,1
4453,420,withdraw,1
1704,937,credit,3
1185,3582,credit,2
7662,2236,withdraw,2
2868,3995,withdraw,1
7952,418,withdraw,3
3267,3254,credit,2
2751,894,withdraw,3
7010,5066,withdraw,3
7661,32,credit,1
8903,213,credit,1
7606,3139,credit,2
2186,1961,credit,1
1974,2833,withdraw,3
7433,3553,credit,3
1235,1562,credit,3
10449,9052,credit,3
2188,353,withdraw,3
7698,1640,withdraw,1
7953,6872,withdraw,1
1267,430,withdraw,3
8883,10365,withdraw,2
16781,532,credit,2
1834,674,credit,3
6746,1810,withdraw,3
6632,429,withdraw,2
3502,665,withdraw,3
12706,3269,withdraw,2
6286,3855,withdraw,2
10730,3925,withdraw,3
8022,3914,withdraw,3
5393,3866,credit,3
7385,3807,withdraw,3
5836,219,withdraw,2
3624,3552,credit,3
3633,1149,withdraw,3
10493,7957,withdraw,3
1708,2853,withdraw,3
2123,1423,credit,2
12725,803,credit,3
8328,619,withdraw,3
8264,2456,withdraw,1
7611,372,credit,1
7011,3492,withdraw,2
1216,301,withdraw,3
11527,6463,withdraw,1
4459,3628,withdraw,1
2676,1613,withdraw,3
4201,2358,credit,2
2972,3010,withdraw,1
6625,2866,withdraw,3
4416,3368,withdraw,2
10516,5125,withdraw,3
3041,994,withdraw,1
3012,1674,credit,3
1884,3234,withdraw,3
8746,1452,withdraw,3
7973,9377,withdraw,3
2250,138,withdraw,2
2990,3758,credit,3
7116,3770,withdraw,1
1818,1376,withdraw,2
3429,11271,withdraw,1
5207,1335,credit,2
5203,2353,credit,3
3731,2119,withdraw,2
6744,8,withdraw,2
2663,1704,withdraw,1
1315,2148,credit,1
5095,5429,withdraw,2
12708,1660,withdraw,1
2362,676,withdraw,1
4578,3440,credit,2
8790,2731,withdraw,1
1385,80,withdraw,1
5022,169,credit,2
2255,3417,withdraw,3
10518,4047,withdraw,1
10673,7487,credit,2
3024,992,withdraw,2
2561,331,credit,1
2027,2835,withdraw,3
1384,3677,credit,3
1320,3317,credit,1
3526,4190,withdraw,3
2523,2565,credit,3
1429,1448,credit,3
2533,1690,withdraw,2
2159,3132,credit,1
5682,3944,credit,2
15805,521,withdraw,3
8891,1742,withdraw,3
4820,1427,withdraw,2
6729,6400,withdraw,1
7022,4473,withdraw,2
1656,3486,credit,3
7716,2301,withdraw,1
2785,2674,withdraw,2
4457,1089,credit,1
1388,11,credit,3
2338,2965,credit,1
10512,8533,credit,1
6989,1257,credit,3
7236,990,credit,1
5497,5063,credit,1
3964,1581,withdraw,1
3293,917,withdraw,1
15884,2424,withdraw,1
3866,11362,credit,2
16267,1749,credit,3
5061,2834,withdraw,1
5770,8114,withdraw,3
3755,260,withdraw,3
1298,2255,credit,2
6389,1796,withdraw,2
3094,4650,credit,3
6866,336,withdraw,1
2281,308,credit,1
8653,319,credit,2
2445,762,withdraw,3
1433,1142,withdraw,1
12171,3646,withdraw,2
11949,3200,credit,2
2319,1206,withdraw,1
11144,501,credit,2
4157,2235,withdraw,1
1530,2487,withdraw,3
8055,3131,withdraw,1
6292,10762,credit,3
11531,10520,withdraw,1
8991,2515,withdraw,3
6410,2727,credit,3
2310,2500,credit,3
7022,1756,credit,1
2283,602,withdraw,2
1746,1426,withdraw,3
4596,3637,withdraw,2
2182,2481,credit,3
2080,2621,credit,1
2281,3080,credit,3
2334,1238,credit,1
6758,10710,credit,3
2598,2871,withdraw,1
2133,1629,withdraw,1
6316,1403,credit,1
10301,9353,credit,2
4119,820,withdraw,2
1317,479,withdraw,2
1734,3764,withdraw,3
2316,3384,credit,1
9864,257,credit,2
2264,155,withdraw,1
1430,3945,credit,1
1261,3061,credit,2
13048,2051,credit,2
5673,2157,withdraw,1
7198,3111,credit,3
978,1691,withdraw,3
7952,1945,credit,1
5035,1044,withdraw,2
4122,2580,withdraw,3
4119,9928,withdraw,1
9474,9790,withdraw,1
16419,11079,withdraw,2
8177,1599,withdraw,2
1840,810,withdraw,3
1556,1760,withdraw,1
3899,2550,withdraw,3
4472,968,credit,3
2357,3572,withdraw,2
1966,1030,withdraw,3
10405,487,credit,1
3975,3767,withdraw,1
8043,348,credit,1
10966,1867,credit,2
6497,2516,withdraw,1
8987,3303,credit,3
8870,1700,withdraw,2
7404,2836,withdraw,2
8868,3229,withdraw,3
2427,933,credit,3
1555,338,credit,3
1659,3148,withdraw,2
1540,1357,credit,2
8790,3772,withdraw,3
2907,486,withdraw,2
1292,1341,credit,3
2545,1395,credit,1
3814,9017,withdraw,3
7268,10411,credit,3
2515,2783,withdraw,2
2047,3780,withdraw,1
1042,2341,withdraw,1
2204,565,withdraw,2
3208,2015,credit,3
11107,337,withdraw,2
1282,557,withdraw,3
2614,3490,credit,3
2861,2043,withdraw,2
4488,3973,credit,3
18580,2003,credit,1
13388,3970,credit,3
3471,8169,withdraw,1
2953,728,withdraw,2
3786,3783,withdraw,3
9806,452,withdraw,3
7135,3189,withdraw,3
11665,3689,credit,3
1235,3320,withdraw,3
13115,2803,credit,1
2255,3525,credit,1
7057,1901,credit,3
3001,2851,withdraw,1
6593,2309,withdraw,1
1018,2437,withdraw,3
2896,1825,withdraw,2
9724,253,credit,3
1391,474,withdraw,3
2045,633,withdraw,2
1437,2374,credit,3
6035,1104,withdraw,2
8610,6927,credit,1
2337,2692,credit,3
1309,924,withdraw,3
2187,3305,withdraw,1
5440,2237,withdraw,1
1893,1917,withdraw,1
8885,1685,withdraw,2
2043,791,withdraw,3
2637,3858,withdraw,2
2471,1469,withdraw,3
12216,5001,withdraw,1
4229,3476,withdraw,2
12986,5477,credit,1
6584,8039,withdraw,1
1765,3205,credit,2
2877,1212,withdraw,3
1293,1137,withdraw,2
1241,2570,withdraw,1
8866,2095,credit,3
7810,809,withdraw,2
3761,522,credit,2
2162,3092,credit,3
12913,5661,credit,3
8403,2630,withdraw,3
1477,957,withdraw,3
2381,1682,withdraw,1
6077,3338,withdraw,3
12738,4269,withdraw,3
4708,3655,credit,3
1192,3587,credit,3
11289,84,withdraw,2
2272,4439,credit,3
9482,4462,withdraw,2
2348,3814,withdraw,2
15207,3273,credit,2
6554,2780,withdraw,3
5414,3559,credit,2
11347,3051,withdraw,1
8013,2288,withdraw,1
7489,3968,credit,1
7497,2159,credit,1
10477,8931,credit,3
7393,849,credit,2
7751,946,withdraw,3
9630,9225,credit,1
959,2075,withdraw,2
10313,3278,withdraw,2
14376,2811,withdraw,3
1118,275,withdraw,3
1468,1670,withdraw,3
2320,2233,credit,2
3229,145,withdraw,1
3299,1455,withdraw,3
2394,3530,credit,1
5803,1311,withdraw,1
15079,6678,credit,2
4650,312,withdraw,1
4368,9024,credit,1
1268,1711,withdraw,1
1881,2223,withdraw,3
2991,7828,withdraw,3
2890,2548,credit,1
3909,646,withdraw,3
7247,3238,credit,2
1675,2567,withdraw,3
8504,2153,credit,1
4836,1243,withdraw,1
9138,9633,withdraw,1
7036,2716,credit,1
11322,1580,credit,1
1932,954,credit,3
2865,1483,withdraw,3
1665,3966,credit,1
12153,1263,credit,2
12470,3638,withdraw,3
2193,3937,credit,3
2777,2605,withdraw,2
9382,1591,withdraw,1
1877,658,credit,1
2567,2944,credit,3
4194,3949,credit,3
2384,2686,credit,1
2142,3661,withdraw,2
10065,4994,credit,2
1384,3673,credit,2
2557,69,withdraw,1
12276,5267,withdraw,2
1631,332,credit,1
3181,3170,withdraw,3
3871,1227,withdraw,1
1166,204,withdraw,2
15981,1632,withdraw,2
7506,2143,withdraw,1
15360,1093,withdraw,2
7085,1486,withdraw,2
12759,1196,credit,2
15236,4253,withdraw,1
1345,3442,withdraw,1
5280,9051,credit,2
8916,1036,credit,3
7064,3373,withdraw,1
9205,2844,withdraw,2
3990,3727,withdraw,1
7538,10297,credit,2
10788,1139,withdraw,1
4696,1298,withdraw,1
13831,3755,withdraw,1
5251,660,withdraw,1
2131,335,credit,3
9790,412,withdraw,1
2032,2274,withdraw,2
8844,2522,withdraw,2
3522,2863,credit,3
2783,3784,withdraw,1
13192,1508,withdraw,1
6660,771,withdraw,2
7811,4981,withdraw,2
2860,3832,credit,3
6906,3947,withdraw,1
11481,9645,withdraw,1
7174,2416,withdraw,3
4691,2243,withdraw,1
7494,3993,withdraw,1
1768,2225,credit,1
10200,2207,credit,2
3461,1759,withdraw,3
13190,2754,withdraw,2
2134,554,credit,2
1861,3009,withdraw,1
3439,3803,withdraw,1
12618,314,credit,2
5989,2214,credit,2
2647,2217,withdraw,2
12925,417,credit,3
1296,1439,credit,1
2819,262,withdraw,3
8032,976,withdraw,2
8000,3084,credit,2
3857,4204,withdraw,1
14393,9504,withdraw,1
6878,414,withdraw,3
3898,4424,credit,3
12909,3389,withdraw,2
6207,11054,withdraw,3
9124,10558,credit,2
8727,2702,withdraw,2
5008,2106,withdraw,1
4500,355,withdraw,3
2564,1859,credit,2
4105,2109,withdraw,2
8282,1963,withdraw,1
5089,1791,credit,2
3924,1977,withdraw,3
6479,5181,withdraw,1
4750,6512,credit,2
9237,1623,credit,1
12518,2635,withdraw,3
13020,4293,credit,3
12186,4851,credit,3
8593,3931,withdraw,3
5434,2348,credit,2
2597,2774,withdraw,1
1371,2469,withdraw,1
2884,804,credit,1
16212,218,credit,1
2067,923,withdraw,2
2292,1744,withdraw,1
7813,2890,withdraw,2
2248,2499,credit,2
2608,516,withdraw,2
11723,2551,credit,2
1387,1233,credit,1
2277,2719,withdraw,3
1140,2893,credit,3
7974,1922,credit,1
2626,264,withdraw,3
3719,3890,credit,2
1741,3519,withdraw,3
11347,6686,credit,3
2094,2230,credit,3
3915,1611,withdraw,2
6390,3933,withdraw,3
12679,3597,credit,2
9605,1612,withdraw,2
2173,2212,credit,3
2541,1964,withdraw,3
4332,8680,credit,3
11975,2390,withdraw,3
8471,4999,credit,1
15559,2600,credit,1
3894,2409,withdraw,2
7644,2753,withdraw,1
12298,2993,credit,3
4335,1737,withdraw,1
5784,949,withdraw,1
4283,3979,credit,1
3543,3468,withdraw,1
1769,296,withdraw,1
5662,1836,withdraw,1
1969,3680,withdraw,1
16740,390,credit,2
2925,1916,withdraw,1
7205,7594,withdraw,1
8244,1111,withdraw,3
1021,2473,withdraw,1
6983,3439,withdraw,3
6440,2226,withdraw,2
4939,3578,withdraw,2
2380,620,credit,2
2756,466,credit,2
1413,3335,credit,2
8023,2074,credit,2
12218,2304,withdraw,2
1992,55,credit,1
2967,1102,credit,3
7655,1380,withdraw,2
6503,3754,credit,2
2225,2403,credit,3
9056,1732,withdraw,1
1147,3721,credit,3
1110,3358,withdraw,2
8629,184,withdraw,2
5831,10233,credit,2
1887,4,withdraw,3
1794,2017,withdraw,2
3710,3151,withdraw,3
2443,691,credit,3
3075,2804,credit,2
3247,1310,credit,1
1382,827,withdraw,2
3732,1585,withdraw,1
5757,3016,credit,1
1679,959,credit,2
5894,590,withdraw,1
2034,3924,withdraw,2
12920,1962,withdraw,2
11882,10478,credit,3
4761,2772,withdraw,2
2675,1265,withdraw,2
6581,5692,credit,1
12355,3286,credit,1
15819,167,credit,1
13676,2187,credit,1
5175,230,withdraw,1
1266,3079,credit,3
12497,5593,credit,3
7310,3193,credit,3
3816,2498,withdraw,2
7706,4088,withdraw,2
1653,1216,withdraw,3
2439,2491,withdraw,2
2182,3409,credit,3
4628,3366,withdraw,1
1575,936,withdraw,1
9681,718,credit,3
1240,3698,credit,2
3571,856,withdraw,3
2596,3881,credit,1
3186,3462,withdraw,3
12658,1897,credit,3
9172,1886,withdraw,1
2213,1349,withdraw,1
3038,3709,withdraw,3
2393,1564,withdraw,1
9041,141,withdraw,1
5534,825,credit,3
1201,3943,credit,3
11588,9422,credit,2
7504,1763,credit,1
7651,2611,withdraw,3
11600,2062,withdraw,1
2563,1606,withdraw,2
6071,2289,credit,2
1945,3263,credit,3
2134,3351,withdraw,1
2242,3952,credit,3
8608,3088,withdraw,1
8890,3502,credit,2
1862,3121,withdraw,2
6028,3974,credit,1
1853,2105,withdraw,1
12483,846,withdraw,1
2479,3144,credit,1
8831,103,credit,1
6281,3118,credit,1
1044,357,withdraw,2
11185,4273,withdraw,3
16439,4361,credit,1
8611,1510,withdraw,3
7882,1722,credit,1
9460,840,credit,2
1047,895,withdraw,1
6602,2263,credit,3
10240,4863,withdraw,1
7153,356,credit,3
5484,4092,withdraw,2
12387,10807,withdraw,2
12375,3455,withdraw,2
15279,3994,credit,3
13191,2598,withdraw,1
6361,1698,credit,3
20083,2633,credit,1
6531,1800,credit,3
14518,3296,credit,1
1585,1365,credit,1
12218,4346,credit,2
2771,9242,credit,2
3887,666,withdraw,1
1348,821,credit,2
4940,5591,credit,1
2008,1445,withdraw,3
2554,236,withdraw,1
4228,1980,withdraw,2
4349,2864,withdraw,1
6438,210,withdraw,1
6482,3795,credit,1
9325,739,credit,3
1282,865,credit,1
2100,1028,withdraw,2
6223,3672,withdraw,1
7533,468,withdraw,2
5461,2334,withdraw,2
2123,3130,credit,3
8339,3322,credit,2
2454,1014,withdraw,2
4264,2033,credit,2
9421,525,credit,1
5496,853,credit,3
6690,2904,credit,2
9033,116,withdraw,2
3433,824,withdraw,1
12373,4214,credit,2
2794,10436,credit,2
6536,2192,withdraw,1
6323,3743,withdraw,3
2085,2406,credit,3
2706,4008,credit,1
5879,2767,withdraw,1
4198,1369,credit,2
13072,2889,credit,3
5727,874,withdraw,2
1711,3138,withdraw,2
7449,3605,withdraw,2
11374,3815,withdraw,2
9552,2708,withdraw,1
1873,2578,withdraw,2
1638,631,withdraw,3
6417,2650,withdraw,2
8799,1170,credit,1
2988,7890,credit,3
8243,3219,credit,1
4320,2936,credit,2
5819,898,withdraw,2
3953,208,withdraw,1
11239,3115,withdraw,2
9558,286,credit,3
9503,3422,credit,3
7383,3349,withdraw,1
7382,1250,withdraw,2
3161,10049,withdraw,1
9864,2624,withdraw,1
13270,1384,credit,3
1428,1351,withdraw,2
6829,7520,withdraw,3
1329,2631,withdraw,3
3292,2659,credit,1
5462,3917,withdraw,3
5120,514,credit,2
2360,708,withdraw,2
16494,10065,credit,3
13005,3265,withdraw,3
5394,1832,withdraw,2
7079,3308,credit,3
6116,7565,withdraw,2
5244,1932,withdraw,3
2050,1847,withdraw,3
3143,2335,withdraw,2
2983,3706,credit,3
1928,1521,credit,2
1505,3041,withdraw,3
4374,2909,credit,1
7502,3116,withdraw,3
8690,3632,credit,2
11302,2929,credit,2
3718,251,withdraw,1
14843,1461,withdraw,3
2410,1450,withdraw,3
3905,10345,withdraw,2
11194,1948,credit,1
4406,3534,withdraw,2
3118,1920,withdraw,1
9113,8085,withdraw,1
1361,734,credit,2
2685,2012,credit,1
7736,278,withdraw,2
981,1020,credit,1
1037,615,credit,2
4544,3294,withdraw,1
6707,2986,withdraw,3
9844,7894,withdraw,3
2042,1503,credit,3
7984,2450,withdraw,2
2097,3568,credit,3
2534,3247,credit,1
2048,152,withdraw,2
2286,1622,withdraw,1
18536,1456,withdraw,1
4075,10215,credit,1
5692,5072,credit,1
2441,2205,withdraw,3
5304,2247,withdraw,1
2766,1543,credit,2
2650,439,withdraw,3
5546,1655,credit,3
3234,1550,credit,2
2117,3976,withdraw,1
2445,1383,withdraw,3
6147,101,withdraw,2
1244,1473,credit,3
7515,1121,credit,3
11289,2254,credit,2
10738,3907,credit,3
1244,3854,withdraw,2
3209,3606,withdraw,1
7007,3806,withdraw,2
2045,3802,credit,3
3496,3821,withdraw,3
1950,283,withdraw,3
2179,2432,credit,1
15148,1939,withdraw,1
10189,5726,withdraw,2
9580,1607,credit,3
5517,3998,withdraw,1
7611,3021,credit,1
1276,2474,withdraw,2
12223,1733,withdraw,3
2313,1358,withdraw,3
8492,3019,credit,1
7542,766,withdraw,2
9255,2287,credit,3
9265,695,withdraw,2
2921,3816,credit,1
1993,1624,withdraw,1
12511,1641,withdraw,2
1517,798,credit,2
6737,1709,credit,3
1999,481,credit,2
6353,1070,withdraw,3
5744,7240,credit,1
10022,3859,withdraw,2
2848,4458,withdraw,1
8178,3596,withdraw,3
5194,3280,withdraw,3
3943,4488,withdraw,2
8296,689,withdraw,2
2788,1542,credit,2
6707,3301,withdraw,3
12458,7997,withdraw,3
13006,2246,withdraw,2
13061,5505,withdraw,1
9036,5395,withdraw,1
7783,780,withdraw,3
9772,500,credit,3
10170,1304,credit,3
7970,3451,withdraw,2
1023,3178,withdraw,1
1321,1529,credit,3
12509,3664,withdraw,3
15551,3038,credit,1
1858,951,withdraw,3
10299,4342,credit,2
1818,3027,withdraw,2
2163,1582,withdraw,3
1321,2730,withdraw,2
5469,1716,credit,3
5555,1192,credit,1
14256,8896,credit,1
7031,2116,withdraw,2
2279,986,withdraw,3
7275,3791,withdraw,1
2473,3531,withdraw,1
3932,4127,withdraw,2
6265,2994,withdraw,3
13291,1328,withdraw,1
4486,97,withdraw,3
1268,3648,withdraw,3
2129,2591,credit,1
3637,2232,withdraw,3
8340,1614,withdraw,3
1718,2946,withdraw,1
9135,706,withdraw,3
2564,3928,credit,1
7778,1752,withdraw,2
1974,1213,credit,3
1521,3887,credit,3
5191,2346,withdraw,1
2750,3736,withdraw,1
1522,1244,credit,3
9950,1996,credit,2
6958,1672,withdraw,1
3064,444,withdraw,3
2320,1045,credit,3
2421,302,withdraw,3
12282,3942,withdraw,2
5331,9494,withdraw,2
4188,913,withdraw,2
6871,2035,credit,3
12848,132,withdraw,3
3229,6792,withdraw,2
1698,3248,withdraw,2
1526,3512,credit,3
6887,51,withdraw,1
1235,3285,credit,2
7106,9513,withdraw,3
7434,491,withdraw,3
1221,684,credit,1
9024,6158,withdraw,3
1060,3434,withdraw,3
1274,1013,credit,3
4869,2619,withdraw,1
2465,136,credit,2
2555,3523,credit,1
2523,3769,credit,1
1278,2757,credit,2
11473,360,withdraw,2
939,632,credit,2
6604,10694,withdraw,1
3163,2752,credit,3
4191,9199,withdraw,3
1489,2505,withdraw,2
3560,76,withdraw,3
9535,1074,withdraw,1
2051,1924,withdraw,2
3913,8772,credit,2
4976,7542,withdraw,3
9654,3495,credit,3
2899,1904,withdraw,3
1052,379,credit,1
12383,1040,credit,2
5364,776,withdraw,2
9068,3162,withdraw,2
3135,580,withdraw,2
1229,2805,credit,3
7827,1323,credit,2
1186,3731,withdraw,1
2549,1399,withdraw,2
5758,8972,withdraw,1
9146,1210,credit,2
2267,891,credit,1
1481,2888,withdraw,1
1295,832,withdraw,2
8786,7713,withdraw,3
4557,1905,withdraw,3
2126,3055,credit,3
11599,1715,credit,2
4679,4099,withdraw,2
1236,612,credit,3
12052,1646,credit,1
1868,450,credit,3
7993,3240,withdraw,3
7657,10445,withdraw,3
10221,268,withdraw,1
2295,877,credit,3
8538,621,credit,1
9301,2837,credit,1
12606,1124,withdraw,2
8082,2389,credit,1
9161,3590,withdraw,3
4476,687,credit,2
8467,3459,withdraw,1
10171,2190,withdraw,2
10531,2982,withdraw,2
5522,9263,withdraw,2
6268,3746,withdraw,3
1474,1405,withdraw,3
1266,1954,withdraw,2
997,1973,credit,2
1831,1913,credit,3
6327,3199,withdraw,2
2559,958,withdraw,3
9003,3448,credit,1
2647,3522,credit,1
6138,9548,withdraw,2
6568,732,withdraw,2
4483,1270,withdraw,1
2343,375,credit,2
1159,669,credit,3
2367,171,credit,1
6227,1528,withdraw,2
2141,3676,withdraw,3
4487,4585,credit,3
2898,1219,withdraw,2
2244,1082,withdraw,3
2147,4803,credit,2
6064,6699,withdraw,3
6026,9510,credit,1
12408,7926,credit,2
8685,3591,credit,3
4200,181,withdraw,1
4766,603,withdraw,1
4070,409,withdraw,2
7643,1058,withdraw,3
2385,1431,credit,1
3418,93,credit,3
4778,2104,credit,3
11014,3584,withdraw,3
15335,2710,credit,1
12660,3957,withdraw,1
2170,2603,credit,1
3484,3723,withdraw,1
2004,2397,withdraw,1
9042,1869,withdraw,2
12346,4626,credit,3
2457,3668,withdraw,2
3077,558,withdraw,1
2993,3114,credit,3
1626,2400,withdraw,2
1088,3015,credit,1
11469,8158,credit,3
1431,1444,credit,2
2010,3515,credit,3
2866,848,withdraw,2
10482,4447,credit,2
3846,3647,credit,3
14260,4768,withdraw,3
2995,507,withdraw,2
843,1086,withdraw,1
3944,2602,credit,3
5195,3645,withdraw,1
2902,1271,credit,3
3609,2870,withdraw,3
5573,3180,withdraw,1
8322,3239,withdraw,3
2646,567,withdraw,3
4833,3485,withdraw,3
13697,72,credit,1
2481,488,credit,1
4339,373,credit,2
2294,3120,withdraw,2
13436,2977,withdraw,1
9613,3801,withdraw,2
2525,587,credit,2
17877,10361,credit,1
4937,1097,withdraw,1
2217,2387,withdraw,2
6277,3206,withdraw,3
8042,3696,withdraw,1
4406,2773,withdraw,2
2634,1781,credit,1
2333,3585,credit,3
2890,2706,withdraw,1
6971,3227,credit,2
3064,2395,withdraw,2
5030,962,withdraw,3
5049,140,withdraw,1
13067,1029,credit,2
2181,3432,credit,3
922,3318,withdraw,2
12947,2295,withdraw,1
5348,9631,credit,1
1559,2420,withdraw,2
3717,2040,withdraw,2
7284,3899,withdraw,2
2164,788,credit,3
2235,6688,withdraw,3
7727,1087,credit,1
2150,1275,withdraw,3
13006,1396,withdraw,2
3041,3573,credit,2
3815,3149,credit,2
4343,3793,credit,1
8009,2950,credit,2
3346,1007,credit,2
2994,4379,withdraw,2
2683,3588,withdraw,2
8212,878,withdraw,3
7636,1266,withdraw,3
7556,3864,credit,2
7509,170,credit,2
6526,7181,credit,3
7327,2530,withdraw,3
1664,2344,credit,1
12849,3089,withdraw,3
11357,2319,credit,2
1998,1241,withdraw,3
14769,1004,credit,2
1319,88,credit,2
2331,7033,credit,1
12744,1480,withdraw,2
7942,3563,withdraw,1
2402,2604,withdraw,2
4293,3550,withdraw,1
2381,2526,withdraw,3
6074,5269,withdraw,3
1175,1609,credit,1
9976,2812,withdraw,3
1389,1903,withdraw,3
2367,265,withdraw,1
13576,3153,withdraw,2
7088,2737,withdraw,3
6728,7101,withdraw,2
5681,2108,withdraw,3
4411,3694,withdraw,2
3339,1232,withdraw,2
7055,2593,credit,3
1313,313,credit,2
8668,1289,withdraw,1
13692,2445,credit,2
14215,7733,withdraw,1
5354,10711,withdraw,1
4201,506,withdraw,2
7684,1758,withdraw,2
1623,725,withdraw,3
7290,10202,credit,2
1928,932,credit,1
8695,1739,credit,1
5471,955,withdraw,2
7078,9859,credit,1
6073,3334,withdraw,2
2022,413,withdraw,2
14119,2625,withdraw,1
11275,5602,withdraw,1
2003,1094,credit,1
9569,2825,withdraw,3
4260,3848,withdraw,1
2163,2147,credit,2
4456,984,credit,3
2333,2945,credit,3
9633,573,withdraw,1
2032,2131,withdraw,2
7770,690,credit,1
12461,2506,withdraw,2
6918,1895,withdraw,2
2575,1078,credit,3
3222,2821,credit,2
3980,2112,withdraw,1
1651,2961,credit,1
8145,3426,credit,1
3634,3350,withdraw,2
5476,3204,credit,1
8743,858,withdraw,1
1358,2468,withdraw,2
8222,2887,withdraw,2
1568,584,withdraw,2
4638,392,withdraw,3
2304,2359,credit,2
10067,3726,credit,3
2581,869,credit,2
6038,593,credit,1
6162,3946,credit,1
6900,2573,credit,3
2077,571,withdraw,3
6197,526,withdraw,1
6839,110,withdraw,1
17741,4086,withdraw,3
9524,6461,credit,3
10069,5837,credit,2
1083,81,withdraw,3
11525,4537,withdraw,2
3850,971,withdraw,3
7409,9138,withdraw,1
12816,3562,withdraw,3
7862,137,credit,1
8142,2266,withdraw,2
14167,1893,credit,2
13644,5250,withdraw,3
8599,2882,withdraw,3
10912,7674,credit,1
9280,4618,withdraw,2
5691,1471,withdraw,2
6369,11123,withdraw,3
4309,2407,withdraw,3
1345,3543,withdraw,1
2916,847,credit,1
5568,3472,withdraw,3
2075,1765,withdraw,3
2582,113,withdraw,2
6856,2652,withdraw,3
3079,1188,withdraw,1
15935,3526,credit,1
8451,3518,credit,1
13664,3733,withdraw,3
11387,378,withdraw,1
9177,683,withdraw,1
2537,3494,credit,3
14805,4320,withdraw,3
2128,3511,credit,2
6680,6495,withdraw,1
2557,3932,credit,3
13131,1490,withdraw,1
2809,2983,credit,1
1358,2717,credit,3
5551,303,credit,1
4258,11027,withdraw,2
1854,3443,credit,3
2759,2291,withdraw,2
9189,1900,credit,3
1540,6453,credit,1
10238,7907,credit,2
5498,3491,withdraw,1
2664,836,withdraw,2
2362,1187,credit,3
2450,3880,credit,3
6322,4389,withdraw,2
3438,3192,withdraw,3
10812,7424,credit,3
10800,25,withdraw,1
8484,1160,credit,1
4747,10954,withdraw,2
2498,1985,credit,1
5959,1571,credit,2
12443,9646,credit,2
1595,3359,credit,2
8090,1906,withdraw,2
1763,194,withdraw,1
2275,371,credit,1
3557,9159,withdraw,2
7812,4071,credit,3
4719,2278,withdraw,1
1438,3040,withdraw,2
10932,2350,credit,2
7527,3397,credit,2
1245,2101,withdraw,3
8893,2004,withdraw,1
2883,4438,withdraw,2
3673,2383,withdraw,1
5137,1267,credit,3
7618,1654,credit,3
4051,2102,credit,1
3736,2134,withdraw,1
8757,1576,credit,3
1264,1738,credit,3
8490,3614,withdraw,3
2648,436,withdraw,2
2800,2329,withdraw,3
4706,2117,credit,2
1742,2066,credit,1
5123,2191,withdraw,1
1119,1325,withdraw,3
11521,9491,withdraw,3
5580,503,credit,1
6901,2917,withdraw,1
5803,2794,credit,3
4689,715,withdraw,2
5210,4442,withdraw,2
1934,2947,withdraw,1
2235,1211,withdraw,2
2239,3020,withdraw,2
17746,2086,withdraw,2
6179,2724,credit,3
7555,963,withdraw,1
6107,613,withdraw,3
4038,1223,credit,2
9520,3749,withdraw,2
1658,416,credit,3
2320,2149,credit,1
3836,2114,credit,2
2321,1501,credit,2
10545,176,withdraw,3
7181,911,withdraw,3
4984,3066,withdraw,1
2844,1885,credit,3
6053,916,withdraw,2
2200,2210,withdraw,1
2481,271,credit,1
7295,779,credit,2
2439,2439,credit,1
8266,447,credit,3
2376,753,credit,3
2088,3549,withdraw,1
2783,1563,withdraw,2
13931,2209,withdraw,3
21563,1935,credit,2
5250,2764,credit,3
5472,2973,withdraw,3
11594,2013,withdraw,1
1070,382,credit,3
3005,42,credit,1
6326,945,credit,1
7673,8038,withdraw,1
9131,967,credit,3
11224,3789,withdraw,1
11299,3311,credit,2
2766,3741,credit,3
5243,656,credit,1
2388,1667,withdraw,3
8493,7637,withdraw,2
5155,4010,credit,3
2342,3347,withdraw,2
3539,4480,withdraw,2
10872,4144,credit,1
12986,1274,withdraw,2
6252,2976,withdraw,2
13302,4969,withdraw,2
2020,166,withdraw,1
7981,7099,withdraw,3
5794,2795,withdraw,2
3247,1367,withdraw,3
12755,10562,withdraw,1
8487,2034,withdraw,1
4817,2622,withdraw,2
1296,1593,credit,3
1729,3004,withdraw,1
6947,918,withdraw,2
9390,3427,credit,3
9858,617,credit,3
2411,2746,withdraw,2
2317,58,credit,2
1400,2094,withdraw,2
10671,9826,credit,1
1709,324,withdraw,2
3267,182,credit,3
13088,2930,credit,1
1334,20,withdraw,3
1930,1517,withdraw,3
7982,4186,credit,1
8735,1350,withdraw,2
6222,3467,withdraw,3
1593,2792,credit,2
7115,10220,withdraw,2
8436,1504,withdraw,1
10721,3161,withdraw,2
2592,4588,withdraw,1
8535,3353,withdraw,2
11135,399,withdraw,3
7306,2360,credit,2
4586,987,credit,3
1427,637,credit,2
11380,6062,withdraw,2
5581,2677,credit,3
4931,2113,withdraw,1
6671,10,withdraw,1
7640,2065,credit,2
10580,1894,credit,1
2371,833,credit,1
1900,1117,withdraw,1
7767,242,withdraw,2
7322,3155,withdraw,3
7545,812,withdraw,1
4586,3774,withdraw,2
2610,2347,credit,1
13607,7990,withdraw,2
2496,3504,credit,2
5401,7262,withdraw,1
1372,269,credit,1
5679,3272,withdraw,3
974,1258,credit,2
12094,3418,credit,1
2308,2953,withdraw,1
10458,871,withdraw,3
2725,3126,withdraw,3
1059,406,credit,1
8840,1293,credit,2
11586,4456,credit,1
1433,174,withdraw,2
4333,2872,withdraw,3
7142,2885,credit,3
2382,694,withdraw,3
2054,920,credit,3
1769,1525,credit,3
2263,1997,withdraw,1
5138,1679,withdraw,2
3231,7082,withdraw,2
6553,1910,credit,2
8019,5362,withdraw,2
12406,125,credit,2
5549,2655,withdraw,3
5753,2314,withdraw,3
15780,1408,credit,2
10027,4405,credit,1
8074,2084,withdraw,2
2957,2914,withdraw,1
2277,297,credit,2
2503,2045,withdraw,1
1430,2058,credit,1
5281,1190,credit,1
15217,1067,credit,3
8153,2629,credit,1
1275,1774,credit,1
1375,2614,withdraw,2
2671,2349,withdraw,1
9535,2156,withdraw,3
12794,339,withdraw,3
8351,2164,credit,3
9099,3508,withdraw,3
5519,164,credit,2
2888,1600,withdraw,1
2075,1799,credit,1
1765,1474,withdraw,2
4551,2026,withdraw,2
1826,3044,withdraw,2
18532,3499,credit,3
3186,6075,credit,1
16359,1066,credit,1
2235,1556,credit,2
4063,1329,withdraw,3
14530,4349,credit,1
3603,3098,withdraw,1
1964,2990,credit,3
5799,2275,withdraw,2
11421,5305,withdraw,2
2832,3800,withdraw,3
3414,3191,credit,1
1593,1002,withdraw,2
10295,8381,withdraw,3
2115,2076,withdraw,1
2252,3569,credit,3
1507,831,credit,2
11352,10789,withdraw,3
1430,1957,withdraw,1
11404,6083,withdraw,1
5567,1532,withdraw,1
3340,1063,withdraw,3
3761,8268,withdraw,1
3748,1669,credit,2
18133,1538,credit,3
5104,2906,credit,3
5318,3179,withdraw,1
8333,3431,withdraw,3
6122,2640,credit,3
5568,2921,withdraw,3
7899,7632,credit,2
1253,1173,credit,2
12574,3967,withdraw,1
2444,2339,withdraw,2
2250,1484,credit,2
2406,2801,withdraw,3
3368,1113,credit,2
1055,1100,credit,2
3744,2332,withdraw,3
4453,770,credit,1
1444,1463,credit,2
2254,1308,credit,1
2470,2091,credit,3
2252,3894,withdraw,2
8128,9241,credit,2
1424,1377,credit,2
2250,1370,withdraw,1
4666,3399,withdraw,3
18033,1374,withdraw,2
3209,3339,credit,3
1835,1631,credit,3
2196,2955,credit,2
2104,2869,credit,3
14297,3446,credit,1
2155,1823,withdraw,2
10327,2083,credit,3
2105,2373,credit,1
5834,2294,withdraw,1
8130,2561,credit,2
7997,2483,credit,3
1345,241,withdraw,3
1124,972,withdraw,1
6192,698,withdraw,1
1664,569,withdraw,2
8523,1500,credit,2
9003,618,credit,1
8357,10857,credit,3
1971,3232,credit,1
3359,3843,credit,1
10784,1502,withdraw,1
6595,692,withdraw,1
6727,1586,credit,3
8822,3071,credit,1
1329,3158,withdraw,2
2782,822,credit,3
2375,1155,withdraw,3
7916,2807,credit,1
2227,1751,credit,3
5841,3913,credit,3
2828,826,withdraw,2
2334,1008,withdraw,3
1127,2252,withdraw,3
1242,3904,withdraw,1
2261,814,withdraw,1
2333,1558,credit,3
2037,2465,withdraw,1
2382,325,credit,2
12848,2240,withdraw,3
1752,2657,withdraw,1
1482,261,withdraw,1
6475,7636,withdraw,3
2133,921,withdraw,3
1208,1812,withdraw,1
12114,2934,withdraw,2
11332,10607,credit,1
2306,2999,withdraw,1
2196,3175,withdraw,1
2090,3394,withdraw,1
7297,1003,credit,1
6499,1777,withdraw,1
2550,4090,withdraw,2
17674,472,withdraw,1
7100,3249,credit,2
8485,6950,withdraw,2
6557,3329,withdraw,1
1770,3271,credit,3
1981,581,credit,3
4835,9677,withdraw,3
1752,536,withdraw,3
9326,10063,withdraw,3
3694,2475,credit,2
1455,342,withdraw,1
2590,350,credit,3
6020,3314,credit,3
12737,2988,credit,2
13456,4949,withdraw,1
2475,410,credit,2
9752,4493,withdraw,1
2526,713,credit,2
8218,8628,credit,2
6303,11325,withdraw,3
7768,3776,credit,2
5601,1645,withdraw,3
10764,8784,credit,2
1265,1577,withdraw,3
1338,2046,withdraw,1
1965,1492,credit,1
2655,3454,credit,1
2926,1541,credit,2
11011,3766,credit,1
11448,3690,withdraw,2
921,2709,withdraw,1
3599,3143,credit,1
1940,305,withdraw,1
14901,1745,withdraw,3
2689,1090,withdraw,2
2253,975,withdraw,2
8204,329,credit,2
3186,473,withdraw,2
7088,1060,credit,1
5621,5317,withdraw,1
14908,6592,withdraw,2
2864,2502,credit,2
6514,1888,withdraw,2
17109,1464,withdraw,3
8562,1819,credit,3
4143,9037,credit,3
2632,2290,withdraw,1
3386,6902,credit,2
13859,1330,withdraw,2
8523,3877,withdraw,2
2705,1226,credit,1
11708,2759,withdraw,1
8287,272,credit,2
5757,366,withdraw,3
2063,1176,credit,3
6777,5912,withdraw,3
1874,1785,withdraw,3
1269,199,withdraw,3
2881,778,credit,3
1643,3811,credit,3
2167,1855,credit,2
2349,224,credit,1
4503,281,withdraw,3
17079,4715,credit,2
3773,3956,credit,3
19723,4375,withdraw,1
2376,888,withdraw,3
11632,9201,withdraw,3
1463,806,withdraw,1
16496,2418,withdraw,1
7500,65,credit,2
11309,122,withdraw,1
11009,1478,credit,2
13350,3228,credit,3
8466,221,withdraw,2
2141,3022,credit,1
14863,2279,withdraw,3
11300,6265,withdraw,3
1885,926,withdraw,2
2059,2685,withdraw,2
9781,6440,credit,2
3320,1683,withdraw,2
1964,1663,credit,1
1361,3557,credit,2
2690,2193,withdraw,1
9622,9455,withdraw,1
13928,255,withdraw,2
2437,714,credit,3
11006,2130,withdraw,3
4414,3626,withdraw,2
4103,3615,credit,1
6563,1324,credit,1
6457,431,withdraw,2
1973,1899,withdraw,3
8976,11328,credit,1
6776,91,credit,2
5143,4753,credit,2
8776,9528,credit,2
11580,9333,withdraw,2
3889,2107,credit,3
2271,3560,withdraw,3
1320,829,credit,2
8356,511,withdraw,3
2202,3224,withdraw,1
3864,2160,credit,3
12061,4383,withdraw,1
2525,1555,withdraw,1
12350,2517,credit,1
13614,6157,withdraw,3
1590,1326,credit,1
9242,4286,credit,3
4598,3819,credit,2
2513,2258,withdraw,1
6866,1638,credit,2
2835,3498,credit,1
4661,3177,credit,3
15815,3437,withdraw,1
3980,4102,credit,3
12694,3589,credit,2
4485,2967,credit,2
3780,3884,withdraw,3
961,3765,credit,2
2536,2032,withdraw,3
4211,570,credit,1
11294,993,credit,2
8799,2385,credit,1
2232,3291,withdraw,1
1742,63,withdraw,1
6450,1991,credit,2
3256,3564,withdraw,2
1458,1021,withdraw,1
2270,4069,credit,3
5401,1260,credit,2
7989,3376,withdraw,2
7929,48,withdraw,2
3881,1320,withdraw,3
4918,5878,credit,2
8825,77,credit,2
3885,4033,withdraw,2
1689,508,withdraw,2
3941,3256,withdraw,1
10228,530,withdraw,1
7871,341,credit,1
5711,2826,credit,1
3569,1546,credit,2
14344,797,credit,1
952,2234,credit,2
2966,10905,withdraw,3
5163,513,credit,2
9001,3093,withdraw,2
5482,1549,withdraw,3
2906,2285,withdraw,3
3182,3809,credit,1
5670,3517,credit,2
5738,8688,credit,1
1880,2264,withdraw,2
2076,546,withdraw,3
12478,3862,withdraw,1
6658,2898,credit,2
1792,3282,credit,1
7905,2303,withdraw,2
1383,1347,credit,1
15741,8094,withdraw,2
2496,2601,credit,1
2127,3708,credit,1
1242,209,credit,1
9170,7,credit,2
7448,1242,credit,1
3694,1393,withdraw,2
9336,330,credit,2
2354,1712,credit,1
1968,2398,withdraw,1
13626,8523,credit,1
2173,2636,withdraw,1
4573,1943,withdraw,2
2374,2090,credit,1
1995,143,credit,1
4863,549,credit,1
6338,14,withdraw,1
12035,7745,withdraw,2
1844,79,withdraw,1
2276,1460,credit,2
4425,3799,credit,3
16170,1754,withdraw,1
13888,3507,withdraw,2
15135,712,credit,1
12545,10280,withdraw,1
8734,1435,credit,2
6215,805,credit,3
8544,3377,withdraw,2
1976,1296,withdraw,2
3455,2916,withdraw,3
6186,249,credit,1
10666,3018,credit,3
2007,3856,credit,1
14938,3602,credit,3
4292,599,withdraw,1
972,3312,credit,3
3644,2545,credit,3
2269,2544,withdraw,1
1995,2589,withdraw,3
906,2590,withdraw,1
2127,1735,withdraw,3
1258,2115,withdraw,2
4915,24,withdraw,3
6284,2060,withdraw,3
3502,1083,withdraw,3
3779,2286,credit,1
8351,7176,credit,3
4599,8225,withdraw,3
6723,1482,withdraw,2
9753,5133,withdraw,3
6679,880,credit,1
2491,664,withdraw,3
17052,3290,withdraw,2
8420,1361,withdraw,3
6249,2963,withdraw,1
1836,3430,credit,3
8154,11096,withdraw,1
9750,3090,credit,2
14101,5817,credit,3
3187,905,withdraw,2
7291,1587,credit,3
3915,980,withdraw,1
8237,4631,credit,2
14151,1218,credit,2
1986,561,withdraw,1
1306,1055,withdraw,3
6319,1368,credit,2
2692,9153,credit,2
3048,3962,withdraw,3
886,1316,credit,3
2291,1557,credit,3
1963,3893,credit,2
4360,2873,credit,2
15379,3450,credit,1
1976,3452,withdraw,1
8762,2376,withdraw,2
6443,2995,withdraw,3
1778,3984,withdraw,3
1325,659,credit,2
9910,3137,withdraw,2
2727,2734,withdraw,1
7570,1817,credit,3
1164,505,credit,1
3170,3125,credit,3
5472,3411,withdraw,1
5835,2386,credit,1
1756,1618,withdraw,1
9711,2827,credit,3
2302,3024,withdraw,1
4491,4794,withdraw,2
10408,6510,credit,3
8963,1362,credit,1
6186,7465,withdraw,1
2579,2610,withdraw,2
2003,3412,withdraw,3
2193,765,withdraw,2
7102,3182,withdraw,1
15564,10645,withdraw,2
12207,595,withdraw,1
2265,2531,credit,1
1874,1081,withdraw,2
3314,1553,withdraw,3
4572,4454,credit,3
6160,1391,credit,1
2296,3438,credit,3
5563,440,withdraw,1
4625,3390,credit,1
5369,3393,credit,1
4523,193,credit,2
5426,2441,withdraw,1
8173,2356,withdraw,1
899,333,withdraw,1
5003,1884,withdraw,3
4141,434,withdraw,2
19257,2532,withdraw,2
2344,3029,credit,2
7659,2875,withdraw,1
12677,2699,credit,3
2429,1659,credit,1
2678,2777,withdraw,1
1354,935,withdraw,2
13172,7045,withdraw,2
1115,3941,credit,1
7528,2761,withdraw,3
2167,252,withdraw,1
1975,592,withdraw,1
2141,1195,withdraw,3
5495,2408,withdraw,2
8026,7966,withdraw,2
10171,2261,withdraw,3
11933,8341,credit,3
3072,2507,credit,2
2566,3991,withdraw,3
3745,6706,credit,3
8606,1056,withdraw,2
13388,3387,credit,2
2896,2852,withdraw,2
1874,3043,credit,1
5402,9424,withdraw,2
5958,10404,withdraw,2
1388,2362,credit,3
2041,528,withdraw,2
4063,3190,withdraw,1
2021,1988,withdraw,1
3932,1390,withdraw,2
5397,2064,withdraw,2
7116,2637,withdraw,3
3370,9730,withdraw,1
6668,2689,withdraw,2
1439,1387,credit,1
1333,1860,withdraw,2
12627,1221,withdraw,3
8346,4660,withdraw,3
1765,3540,credit,1
10465,263,withdraw,1
4223,294,withdraw,3
2131,3639,withdraw,3
7682,2653,credit,1
11342,4354,credit,3
2156,537,withdraw,1
7549,17,credit,2
2305,3870,credit,3
3760,1677,credit,2
9159,10493,withdraw,2
1897,2964,credit,2
4658,752,withdraw,1
3007,6064,credit,3
9742,3527,withdraw,3
1427,2981,credit,3
11119,3005,withdraw,3
3773,3110,credit,2
2112,3470,withdraw,2
11674,11244,credit,2
5632,1707,withdraw,3
2513,2300,credit,3
4096,10148,withdraw,1
8401,512,withdraw,1
4031,9031,withdraw,1
19309,2571,withdraw,1
5078,3375,withdraw,3
4493,3304,credit,2
1730,3908,withdraw,2
12524,9549,withdraw,1
7770,2854,withdraw,3
4501,4534,credit,2
2459,872,withdraw,2
6836,1214,credit,1
2042,2696,withdraw,1
2620,1262,withdraw,2
2086,3910,withdraw,1
9306,8320,withdraw,2
1420,364,withdraw,2
9944,480,withdraw,2
3805,2299,credit,2
4560,2535,credit,2
6926,9179,credit,1
7186,6138,credit,2
4252,1840,credit,3
7142,3471,withdraw,2
10804,1651,credit,2
2108,320,credit,3
1484,3961,withdraw,2
6658,3379,withdraw,2
7444,3681,withdraw,1
7014,4052,credit,3
1493,3964,credit,2
5902,2229,credit,1
3834,8742,credit,2
2215,1853,credit,2
8501,52,credit,1
2341,3067,withdraw,3
9338,3861,credit,2
2490,1356,credit,2
3625,3659,withdraw,2
8144,1656,withdraw,2
2191,2103,withdraw,1
6889,1854,withdraw,3
7426,3794,credit,2
1997,910,withdraw,3
7510,3546,withdraw,3
4528,605,credit,2
10529,3990,withdraw,2
6904,4266,withdraw,3
2944,2021,credit,1
12636,11231,withdraw,3
4093,3633,withdraw,1
8582,4026,withdraw,2
2028,3620,withdraw,1
2430,4550,credit,2
2503,2455,credit,2
1839,1616,credit,1
9610,1498,credit,3
4893,598,credit,2
16155,2262,withdraw,1
16073,2537,withdraw,3
16718,2126,credit,3
4368,1418,credit,2
8752,159,credit,3
7531,1182,withdraw,1
2231,2477,withdraw,2
10900,11141,withdraw,1
1300,3565,credit,3
2674,130,withdraw,1
5426,828,credit,1
1252,2042,withdraw,1
15661,4358,withdraw,3
6695,2381,withdraw,1
3157,2085,withdraw,3
6108,796,withdraw,3
3067,1430,credit,3
6896,3059,withdraw,3
4384,10915,credit,1
5495,1068,withdraw,1
7439,3959,credit,3
921,729,credit,2
1148,1141,credit,1
6698,1264,withdraw,2
9115,424,withdraw,1
2510,351,withdraw,3
4802,1037,withdraw,3
1699,2656,withdraw,3
3248,5445,withdraw,2
5001,3331,credit,1
4461,4268,withdraw,1
1657,3236,withdraw,2
4759,1447,withdraw,3
2672,2766,credit,3
6543,3188,withdraw,1
1788,1524,credit,1
15707,4746,credit,3
15520,3337,credit,1
7233,226,withdraw,2
1089,2016,credit,3
2737,323,credit,1
2495,1619,withdraw,1
12363,5180,credit,1
7751,2194,withdraw,1
8181,1818,credit,1
3641,2661,credit,3
2248,2937,credit,3
6517,1336,withdraw,1
8636,2797,credit,3
5207,2325,withdraw,2
2634,1736,withdraw,3
2040,292,withdraw,2
3168,2380,credit,2
7700,3851,credit,3
6469,2415,withdraw,3
11280,2782,withdraw,3
5847,195,withdraw,1
5352,2405,withdraw,1
2097,3541,credit,2
3425,3242,withdraw,1
2357,3652,credit,3
5811,1928,withdraw,2
4497,2024,withdraw,1
4334,919,withdraw,1
2429,1096,withdraw,1
2072,1215,credit,1
6742,6306,credit,1
11373,2089,withdraw,1
11635,850,withdraw,1
2204,1668,withdraw,2
1690,3574,credit,2
7498,6061,credit,2
10135,2224,withdraw,3
2392,2270,credit,1
1333,214,withdraw,3
1741,3031,credit,3
8884,1746,withdraw,3
4953,64,withdraw,1
2042,3842,withdraw,1
6839,600,credit,2
10057,405,credit,2
6991,3971,credit,2
1834,1740,withdraw,1
1512,114,credit,1
1303,2672,withdraw,1
5342,2760,credit,1
6892,2597,withdraw,1
6558,2908,credit,1
8414,3782,withdraw,3
2143,3328,credit,3
7741,2354,withdraw,2
19371,191,withdraw,1
8900,10652,withdraw,1
2050,1199,withdraw,1
10730,3083,credit,3
3018,2495,withdraw,1
2531,2690,credit,3
13622,304,withdraw,3
5202,8505,withdraw,1
5222,578,withdraw,1
4270,8926,withdraw,3
2881,85,credit,1
5856,1165,credit,1
2546,749,withdraw,1
6693,1363,withdraw,2
9632,8026,credit,3
3444,3332,withdraw,1
1808,3658,withdraw,2
6071,1907,withdraw,2
9020,3739,withdraw,3
4984,1976,withdraw,2
1210,1459,credit,3
3208,1466,withdraw,2
3815,3581,withdraw,2
1906,3176,credit,1
2171,1321,withdraw,2
11945,2966,withdraw,3
2800,157,withdraw,2
7558,2843,credit,1
3463,2158,withdraw,2
1492,3266,credit,2
10057,442,withdraw,3
4755,2048,credit,2
2651,3885,credit,3
2649,1863,withdraw,3
5497,2725,withdraw,3
12186,10068,withdraw,2
5137,3695,withdraw,2
1294,2874,withdraw,1
7302,9167,withdraw,2
12419,144,withdraw,2
9085,2899,withdraw,1
2959,1034,withdraw,2
2365,1933,withdraw,1
5745,1594,withdraw,3
1969,49,credit,3
2939,1138,credit,1
8016,3544,withdraw,3
8902,10812,withdraw,3
1594,4208,credit,3
7216,2165,withdraw,2
8827,1636,credit,2
9182,2954,credit,3
8883,3460,withdraw,3
1075,843,withdraw,1
3495,2901,withdraw,1
8924,1734,withdraw,1
2600,476,withdraw,1
6998,2466,withdraw,2
14306,1407,credit,3
4628,927,withdraw,1
4198,2166,credit,3
4085,1259,withdraw,3
13821,1598,credit,2
2154,2575,credit,2
6127,1253,withdraw,2
5598,4467,credit,3
10859,4725,withdraw,1
3766,1915,credit,2
2960,3716,withdraw,2
5970,1281,credit,1
2411,1560,withdraw,2
2333,3398,withdraw,2
2045,12,credit,1
2649,1665,withdraw,1
20534,3634,credit,3
6120,189,withdraw,2
5545,3077,withdraw,1
8299,3897,withdraw,2
12970,2586,withdraw,1
8210,4475,credit,2
4652,2055,credit,3
6333,1035,credit,3
6565,407,credit,2
1844,1687,withdraw,3
1808,3012,credit,1
8308,2744,withdraw,2
5856,3194,withdraw,3
1801,109,withdraw,1
7592,1198,credit,2
6038,3830,withdraw,1
2095,3692,credit,1
11885,3217,withdraw,1
9009,453,withdraw,2
2112,2539,withdraw,2
1160,794,credit,2
2087,636,withdraw,3
7708,309,withdraw,1
5313,3052,credit,2
8203,589,withdraw,2
3286,9484,credit,1
12365,10134,withdraw,2
2371,873,withdraw,2
1393,3846,credit,3
1432,912,credit,3
16645,2080,withdraw,3
15184,2857,withdraw,2
9454,240,credit,3
1755,2952,withdraw,2
5291,647,credit,2
3836,1488,withdraw,3
9644,2612,withdraw,1
1609,3104,credit,1
12109,1693,withdraw,2
6349,2451,credit,2
14308,10257,credit,1
1626,98,withdraw,2
1237,1024,withdraw,2
2109,2173,credit,3
938,3119,withdraw,2
14700,1230,credit,2
12459,2594,credit,1
1593,3635,credit,2
7935,1178,withdraw,1
5871,2816,withdraw,3
2337,3773,credit,2
9404,722,withdraw,1
1997,3988,credit,3
3553,293,credit,3
9709,2184,withdraw,3
8298,10022,credit,3
7494,2800,withdraw,1
4077,3506,withdraw,2
7529,3711,withdraw,1
5655,1982,withdraw,3
1168,997,credit,2
6721,1385,credit,3
2571,316,credit,2
5685,2071,withdraw,1
9166,2141,withdraw,2
1433,2127,credit,1
5809,367,withdraw,2
2530,250,withdraw,2
1755,3214,withdraw,2
4905,3577,credit,2
1976,475,credit,3
2407,1130,credit,2
2016,3742,credit,2
8516,2118,withdraw,1
1195,2448,credit,1
1321,2005,withdraw,3
12895,6922,withdraw,1
3704,3122,credit,1
7275,282,withdraw,1
2735,3140,withdraw,1
10733,3790,withdraw,1
2773,5164,credit,2
9097,8149,withdraw,2
8252,2900,credit,2
13743,139,withdraw,1
12965,3344,withdraw,3
17112,1953,credit,1
1363,383,withdraw,2
9935,3299,withdraw,3
12255,1808,withdraw,3
1070,1697,withdraw,3
5197,8713,credit,1
7017,2392,credit,2
1903,2366,withdraw,3
6065,2668,credit,3
10988,3403,withdraw,3
7133,1424,withdraw,3
6715,2698,withdraw,2
4107,3872,withdraw,3
6508,2743,credit,1
3195,10343,withdraw,2
1801,834,credit,2
4212,4729,withdraw,1
3328,1956,withdraw,1
3402,760,credit,3
5915,2324,withdraw,1
2509,7559,withdraw,1
5551,9208,withdraw,2
13669,3163,credit,3
2451,1710,credit,1
1807,3732,withdraw,1
8644,3662,withdraw,3
4339,534,withdraw,3
3984,868,credit,3
13800,11053,withdraw,1
1007,3172,credit,2
2247,464,withdraw,1
11028,3905,withdraw,1
1753,1574,withdraw,3
6782,2891,credit,2
17578,10679,withdraw,2
13755,2860,withdraw,1
1987,5,credit,2
10479,4527,credit,1
10361,4130,credit,1
3028,3951,withdraw,2
8101,2564,withdraw,3
7380,3700,credit,3
1609,3202,withdraw,3
1345,879,credit,1
5365,2404,withdraw,2
7562,5944,withdraw,1
5430,1537,withdraw,2
13240,3768,credit,3
2069,614,withdraw,1
1593,1185,credit,2
5040,9673,credit,1
2129,229,credit,2
2384,1724,withdraw,1
1016,682,withdraw,2
3192,349,withdraw,1
15518,291,withdraw,2
8388,3060,credit,2
1186,3211,credit,2
11439,4471,withdraw,3
5872,2956,withdraw,3
5575,1491,withdraw,2
1015,2019,withdraw,2
13510,3496,withdraw,1
8374,7180,credit,2
2179,1841,withdraw,1
11805,2509,credit,1
18237,5648,credit,1
7897,1753,credit,1
2908,1015,withdraw,1
2954,2878,credit,1
1188,2372,withdraw,3
3118,6097,withdraw,3
9914,3953,credit,2
12311,2720,withdraw,1
1934,2006,credit,1
3999,2135,withdraw,1
5659,1095,withdraw,2
2236,1551,credit,1
1118,3703,withdraw,3
4982,3719,withdraw,1
6041,2057,withdraw,1
3405,2560,withdraw,1
3630,3986,credit,2
2067,1354,credit,1
11896,4858,withdraw,3
2344,3996,credit,2
6866,622,withdraw,1
5260,1839,withdraw,3
3839,2340,credit,1
7713,3100,withdraw,2
9523,641,credit,2
9463,3262,withdraw,1
7484,438,withdraw,2
5113,8645,withdraw,1
3222,672,credit,3
2968,3461,credit,3
2046,4309,credit,3
1914,3075,withdraw,3
9432,2443,withdraw,2
5470,2200,credit,1
3934,2806,credit,2
2731,3245,withdraw,1
5840,4301,withdraw,1
7993,556,withdraw,3
1391,1921,withdraw,3
10221,4156,credit,3
2455,2939,credit,3
2082,3524,withdraw,3
8669,3665,credit,3
13053,5196,credit,2
2103,2883,withdraw,1
1307,1346,withdraw,2
2125,1514,credit,2
1312,2208,credit,3
13739,8153,withdraw,2
12891,1255,withdraw,1
12306,1284,credit,3
1584,2081,withdraw,2
7826,3154,credit,1
8737,7721,withdraw,3
1002,3889,withdraw,3
1894,8919,withdraw,3
4667,3085,credit,2
2291,768,credit,1
7232,185,withdraw,1
4081,10774,credit,1
5286,4150,credit,3
9938,2728,withdraw,1
11934,1339,withdraw,3
1792,1929,withdraw,1
1684,3433,withdraw,3
7144,2337,withdraw,2
2522,3,credit,1
7404,2093,withdraw,1
8564,3529,credit,2
11877,4336,withdraw,3
13345,3906,withdraw,2
2650,864,credit,3
7748,2169,withdraw,1
2016,1647,credit,2
2539,258,withdraw,1
8444,105,withdraw,3
5484,1110,withdraw,2
4419,2992,withdraw,2
14028,11317,withdraw,2
6820,1681,credit,1
5252,3428,credit,3
14303,10644,withdraw,3
3813,2182,credit,3
4795,679,credit,2
11608,9560,withdraw,2
1784,3985,withdraw,1
11214,3833,credit,1
2078,469,credit,1
2773,705,credit,2
2496,2452,withdraw,2
4733,2447,withdraw,2
1318,483,withdraw,3
15340,2678,credit,1
4918,7052,withdraw,2
7180,2183,credit,2
1700,1027,withdraw,1
2284,1995,credit,2
6048,680,withdraw,1
7650,284,credit,3
5642,2369,withdraw,2
16762,211,withdraw,2
5569,3867,withdraw,2
13752,1432,credit,2
14274,1890,withdraw,1
2974,2204,withdraw,3
6326,970,withdraw,2
1534,611,withdraw,3
1260,2316,credit,3
7156,5290,withdraw,3
7694,3057,credit,2
2466,801,withdraw,1
2388,1794,credit,1
2279,2196,withdraw,3
12957,2646,withdraw,3
2756,2679,withdraw,3
2426,2722,withdraw,3
2647,1454,withdraw,3
7960,3346,withdraw,3
4216,2587,credit,1
5228,2197,credit,2
1435,547,credit,1
4675,1776,withdraw,3
8955,5758,withdraw,2
4498,3185,withdraw,3
12231,811,withdraw,1
5021,1950,withdraw,3
7718,3381,withdraw,1
7819,41,credit,3
2643,1522,withdraw,3
8019,3343,credit,3
15475,4533,credit,3
1295,3686,withdraw,3
4987,4091,credit,2
1259,2558,credit,3
8947,2927,credit,2
13654,3208,withdraw,1
5859,6602,credit,3
3651,1033,withdraw,3
5923,2449,credit,1
10548,1389,withdraw,3
2625,3281,withdraw,2
5855,3724,withdraw,3
5134,2000,withdraw,2
1983,326,withdraw,2
6089,1951,withdraw,2
5542,4445,credit,3
10055,307,credit,2
1655,2644,withdraw,2
10264,3293,withdraw,2
14692,2338,credit,3
2159,1648,credit,1
8843,1319,withdraw,3
4294,7437,credit,2
4273,38,withdraw,2
11980,4784,withdraw,1
1987,1434,credit,1
3938,311,credit,2
8514,785,withdraw,3
2080,2776,credit,2
6839,386,credit,3
9481,5572,credit,1
8565,1662,credit,3
9629,2138,withdraw,3
1644,3046,withdraw,3
1935,591,withdraw,2
10054,1043,withdraw,1
1344,792,credit,1
6960,9433,withdraw,3
6609,509,credit,1
1086,1747,credit,3
1767,3097,withdraw,2
6946,2073,credit,1
2194,3062,withdraw,2
7216,1355,credit,3
3253,1881,withdraw,3
2776,13,withdraw,2
2802,2595,credit,2
2771,1857,credit,1
1991,2829,withdraw,1
1786,2485,withdraw,1
2612,529,credit,3
7082,37,credit,1
2431,996,withdraw,3
3636,9140,withdraw,2
2244,10799,withdraw,3
3270,2607,withdraw,1
6358,1567,credit,1
6818,653,withdraw,2
2358,1181,credit,1
11280,1845,withdraw,2
8895,2845,withdraw,3
6917,3070,withdraw,3
7640,1795,withdraw,2
1187,2442,withdraw,2
16769,645,withdraw,1
15111,4003,withdraw,1
2266,3537,credit,3
5811,8639,credit,1
4707,2394,withdraw,3
3146,859,withdraw,1
5550,3798,credit,2
1945,2317,credit,2
1345,3828,credit,2
14438,1154,withdraw,1
2364,2422,credit,1
5255,3556,withdraw,2
7376,3901,credit,1
9489,3950,credit,3
2395,2492,withdraw,2
7115,2142,credit,1
2148,2172,credit,2
1183,909,withdraw,2
1933,45,credit,3
6593,1026,withdraw,3
18046,10243,withdraw,1
2788,585,credit,1
11140,4158,withdraw,2
12776,5698,withdraw,3
7550,3444,withdraw,3
4402,1764,withdraw,2
1064,178,withdraw,2
7612,2079,withdraw,2
19376,3516,credit,1
11442,2444,withdraw,3
14996,2480,withdraw,2
7837,2351,credit,3
2677,1303,credit,2
3928,1790,withdraw,3
2323,783,credit,2
4418,1729,withdraw,2
17116,10650,withdraw,1
1497,2997,withdraw,3
2850,2684,withdraw,1
1971,2459,withdraw,3
7166,7156,credit,3
5260,1085,credit,3
4037,1783,withdraw,1
4961,1240,withdraw,3
7720,6505,withdraw,1
11084,677,credit,1
7163,402,withdraw,1
1999,3852,credit,3
18488,384,credit,2
4538,3987,withdraw,1
7811,9156,credit,3
7955,1946,credit,2
9750,3274,credit,1
15869,5870,credit,2
2059,3671,credit,1
2271,735,credit,2
7779,3603,withdraw,3
4676,1872,withdraw,2
1843,118,credit,3
7908,1438,credit,2
15662,5283,withdraw,1
2521,328,withdraw,2
1076,823,withdraw,1
16940,3300,withdraw,1
12048,387,withdraw,2
2273,3657,credit,3
4327,2765,credit,3
6418,1876,credit,2
4735,3103,credit,3
4349,3463,credit,3
10250,179,withdraw,3
9765,1101,withdraw,1
1643,3610,withdraw,1
16213,1718,credit,2
2381,1814,credit,3
11023,16,credit,1
14095,4616,withdraw,2
2346,2942,credit,3
8671,3757,withdraw,2
2610,89,withdraw,2
9977,177,withdraw,3
11750,3106,withdraw,3
10642,4128,withdraw,2
2605,2312,credit,1
9142,755,withdraw,1
2601,2846,withdraw,3
8535,1443,withdraw,2
3100,1992,withdraw,3
5693,3916,credit,2
5832,2745,withdraw,3
1907,3383,credit,2
8891,7274,credit,2
7356,10152,withdraw,3
1900,2461,credit,3
2421,1064,credit,1
14768,2007,credit,2
7373,2370,withdraw,3
2894,129,credit,2
17463,1313,credit,2
4591,1379,withdraw,3
8528,6866,credit,2
4328,4132,withdraw,3
4833,2136,withdraw,1
2707,2036,withdraw,2
9340,3401,credit,1
14692,4116,credit,2
1800,1596,credit,2
6943,3342,withdraw,1
1030,2715,withdraw,3
10568,4143,withdraw,2
1816,2133,withdraw,3
2219,1608,credit,2
2006,1150,withdraw,2
9255,2634,withdraw,2
3128,205,withdraw,1
11327,1494,credit,2
3114,2272,withdraw,3
4789,2069,withdraw,2
1896,745,credit,1
6899,1342,credit,1
3652,3813,withdraw,3
1273,121,credit,1
11743,133,credit,3
1999,2097,withdraw,2
17121,2897,withdraw,1
8837,1727,credit,2
19986,7049,credit,3
12647,5708,withdraw,2
1914,502,withdraw,1
2487,1279,withdraw,1
3594,1506,credit,2
2471,2231,withdraw,2
7314,1968,withdraw,2
2532,3023,credit,3
4990,2879,credit,2
1467,966,withdraw,3
1866,3561,withdraw,3
8996,1807,withdraw,2
7465,11327,withdraw,3
3186,2053,withdraw,2
2682,2215,withdraw,3
2981,3324,credit,2
3040,1061,credit,3
2153,550,withdraw,2
7515,3919,withdraw,2
15676,3875,withdraw,2
2186,2579,credit,1
6486,961,withdraw,1
1364,2556,withdraw,1
8614,2311,withdraw,2
2942,1615,credit,3
9374,2756,withdraw,1
15670,2910,withdraw,2
6473,1572,credit,1
1723,156,withdraw,1
2787,3922,credit,2
1448,3857,withdraw,1
7152,2371,withdraw,2
2286,1209,withdraw,3
2333,2152,withdraw,3
1256,852,credit,2
2129,398,credit,2
7893,2174,withdraw,2
18560,3705,withdraw,1
6802,1172,credit,2
2957,876,credit,1
4249,3963,withdraw,2
6097,2413,withdraw,2
1518,1340,credit,3
1437,2703,credit,2
3586,643,credit,2
2994,671,credit,1
2834,2784,withdraw,3
9349,782,credit,1
2334,1703,credit,3
6735,3598,withdraw,3
15913,3325,credit,1
1806,639,withdraw,3
8702,606,credit,1
12555,10613,withdraw,2
1342,1657,withdraw,3
8683,3404,credit,1
2073,9227,credit,2
6809,1723,withdraw,3
9800,2296,credit,1
9652,3395,withdraw,2
2692,2402,withdraw,2
1076,644,withdraw,1
2284,1140,credit,3
3711,2391,withdraw,2
6388,1208,withdraw,1
7857,2998,credit,2
2070,696,withdraw,2
8869,867,withdraw,1
4550,952,credit,2
20843,2211,withdraw,3
2776,3423,withdraw,1
7082,2831,withdraw,3
6017,3360,withdraw,3
3212,1348,credit,2
4727,1245,withdraw,1
9997,2920,withdraw,2
15942,566,withdraw,3
1105,2658,credit,2
5335,2721,credit,1
1276,2221,withdraw,2
2719,1833,withdraw,1
1982,149,credit,2
5623,3082,credit,1
14974,3156,credit,3
4462,2438,credit,2
6752,2693,credit,1
5176,1866,withdraw,2
2386,3365,withdraw,1
11298,3382,credit,3
7613,3396,credit,1
11851,2125,credit,1
11734,1125,credit,2
11244,2162,credit,1
1480,3105,withdraw,3
1480,2832,withdraw,3
1356,2850,credit,1
2362,2979,withdraw,3
7326,3102,credit,1
9091,295,withdraw,3
13358,1523,credit,2
1537,215,credit,1
3198,3333,withdraw,1
4137,421,withdraw,3
2546,3715,credit,1
2775,934,withdraw,3
7548,1798,withdraw,2
8759,4386,credit,1
13595,10005,credit,3
9500,232,credit,2
5366,1868,credit,1
2886,1717,withdraw,2
6544,298,credit,3
1189,1960,credit,2
1481,1049,withdraw,1
12485,2918,credit,1
10323,4140,credit,2
6308,1650,withdraw,2
3401,3415,credit,1
4813,21,credit,2
1974,800,withdraw,2
8868,2787,withdraw,2
5331,3722,credit,3
1793,736,credit,2
14941,2796,withdraw,3
14089,2775,withdraw,1
2510,3406,credit,1
11083,276,withdraw,2
6862,673,withdraw,1
3400,315,credit,2
10137,1156,withdraw,3
5498,1072,credit,1
7944,3836,withdraw,3
1957,3013,withdraw,3
4911,134,credit,1
6970,1229,credit,3
7296,3209,withdraw,3
967,3033,credit,1
2398,3174,credit,2
1930,2820,credit,2
6978,3501,withdraw,2
2252,938,withdraw,2
2669,3616,credit,2
9121,3992,credit,2
2631,579,withdraw,3
1348,3911,credit,3
3131,2892,credit,1
2916,1186,withdraw,1
8266,2440,credit,2
3489,2049,credit,3
3567,758,credit,3
2530,2791,credit,3
7145,3169,withdraw,1
7374,1177,withdraw,3
7353,1171,withdraw,2
1372,3187,withdraw,1
2020,246,credit,1
2491,3385,credit,3
1887,703,credit,3
1968,889,credit,2
6131,1318,withdraw,3
2995,3934,credit,2
10387,4332,credit,3
7645,564,withdraw,3
3218,727,withdraw,1
10656,1983,credit,2
7262,3048,credit,1
1532,906,credit,3
2692,3025,credit,1
10344,845,withdraw,2
1279,124,credit,2
11858,3958,credit,1
15790,777,withdraw,3
2444,3276,credit,3
2542,1573,credit,3